group_index,group_type,alice_label,bob_label,batch_size,n_qubits,status,latency_s,session_id,n_delivered,n_sifted,qber,key_final,error_message,progress_pct,phase_label,loss_rate,interceptor_label,retry_enabled,qkdl_url,intercepted,run_type,group_wall_time_s,timestamp
1,same_index,alice-2,bob-2,10,32,done,2.729,bf14944e-61ac-40bb-a725-b8d1f87db277,32,18,0.0,110111010110010,,100.0,Key generated,0.0,,False,http://localhost:8013,False,concurrent,8.662,2026-05-22T19:38:57.743942
1,same_index,alice-3,bob-3,10,32,done,7.86,3aff8777-2e91-4550-b107-ab02ad5248e0,32,16,0.0,0100110101101,,100.0,Key generated,0.0,,False,http://localhost:8003,False,concurrent,8.662,2026-05-22T19:38:57.744022
1,same_index,alice-1,bob-1,10,32,done,7.46,d7246d9a-4ed4-468d-9d95-1a727205e1cb,32,23,0.0,1010001111110000010,,100.0,Key generated,0.0,,False,http://localhost:8023,False,concurrent,8.662,2026-05-22T19:38:57.744055
2,cross_1,alice-2,bob-3,10,32,start_error,,,,,,,"Client error '409 Conflict' for url 'http://localhost:8102/start?receiver_label=bob-3&n_qubits=32&batch_size=10&loss_rate=0.0&retry_enabled=false'
For more information check: https://developer.mozilla.org/en-US/docs/Web/HTTP/Status/409",,,0.0,,False,,False,concurrent,8.228,2026-05-22T19:39:09.974102
2,cross_1,alice-3,bob-1,10,32,done,3.119,7c2e1043-b49f-4024-b793-f349bf714fce,32,19,0.0,0100111010001111,,100.0,Key generated,0.0,,False,http://localhost:8013,False,concurrent,8.228,2026-05-22T19:39:09.974137
2,cross_1,alice-1,bob-2,10,32,done,6.75,34fd4a8a-c96e-45ee-a68b-c7261dd33071,32,13,0.0,11011000001,,100.0,Key generated,0.0,,False,http://localhost:8003,False,concurrent,8.228,2026-05-22T19:39:09.974156
3,cross_2,alice-2,bob-1,10,32,done,3.476,e75403fa-9db6-4b3b-a6ed-18667179fdf0,32,18,0.0,000010000100010,,100.0,Key generated,0.0,,False,http://localhost:8013,False,concurrent,8.287,2026-05-22T19:39:22.262728
3,cross_2,alice-3,bob-2,10,32,done,3.987,8ee8e515-ee57-4e5e-a337-ee8ce54d181c,32,16,0.0,1110010101110,,100.0,Key generated,0.0,,False,http://localhost:8023,False,concurrent,8.287,2026-05-22T19:39:22.262759
3,cross_2,alice-1,bob-3,10,32,done,6.931,307a7e54-2b31-4fae-b8ed-23ced37f1c7c,32,16,0.0,1011000010110,,100.0,Key generated,0.0,,False,http://localhost:8003,False,concurrent,8.287,2026-05-22T19:39:22.262774
4,same_index,alice-2,bob-2,10,64,done,5.762,ee6451d9-a09c-49a3-a6c8-a49af400fc67,64,26,0.0,010111010001000000011,,100.0,Key generated,0.0,,False,http://localhost:8023,False,concurrent,14.358,2026-05-22T19:39:40.622403
4,same_index,alice-3,bob-3,10,64,done,7.103,d787703e-43bc-4b0a-9611-48131e1c45b7,64,33,0.0,101111011101011111111001100,,100.0,Key generated,0.0,,False,http://localhost:8013,False,concurrent,14.358,2026-05-22T19:39:40.622431
4,same_index,alice-1,bob-1,10,64,done,14.046,102fdd55-31a7-4519-a2c3-231d3a4f2669,64,32,0.0,00100101001010111110001000,,100.0,Key generated,0.0,,False,http://localhost:8003,False,concurrent,14.358,2026-05-22T19:39:40.622443
5,cross_1,alice-1,bob-2,10,64,done,4.887,faf48446-c16f-4ac3-8421-9c4a46ba4850,64,35,0.0,1111101100100110110111100111,,100.0,Key generated,0.0,,False,http://localhost:8023,False,concurrent,14.375,2026-05-22T19:39:58.998920
5,cross_1,alice-2,bob-3,10,64,done,7.468,6bc38fb3-1529-421c-b04f-f096f8223a04,64,29,0.0,101011100110110111001111,,100.0,Key generated,0.0,,False,http://localhost:8013,False,concurrent,14.375,2026-05-22T19:39:58.998978
5,cross_1,alice-3,bob-1,10,64,done,13.368,fcc25f8a-d886-444a-9663-7c407e38beb2,64,28,0.0,00011110000100001100110,,100.0,Key generated,0.0,,False,http://localhost:8003,False,concurrent,14.375,2026-05-22T19:39:58.999007
6,cross_2,alice-1,bob-3,10,64,done,5.915,ed21f1f9-aa4b-40a6-a301-a925b320fbb9,64,34,0.0,0101100101011001000111111010,,100.0,Key generated,0.0,,False,http://localhost:8023,False,concurrent,14.354,2026-05-22T19:40:17.354601
6,cross_2,alice-2,bob-1,10,64,done,5.118,6a07f9f4-2020-42ac-8c45-c5c37fa213fc,64,36,0.0,01111100101001101010111001111,,100.0,Key generated,0.0,,False,http://localhost:8013,False,concurrent,14.354,2026-05-22T19:40:17.354647
6,cross_2,alice-3,bob-2,10,64,done,13.854,ffb2f682-79c4-490e-9441-baf5ba65390e,64,34,0.0,0010101001111100000101100101,,100.0,Key generated,0.0,,False,http://localhost:8003,False,concurrent,14.354,2026-05-22T19:40:17.354667
7,same_index,alice-1,bob-1,20,64,done,7.012,02e64966-589b-4006-9fd6-5333257eedc8,64,32,0.0,00001101100100100100010110,,100.0,Key generated,0.0,,False,http://localhost:8013,False,concurrent,14.47,2026-05-22T19:40:35.826323
7,same_index,alice-3,bob-3,20,64,done,6.906,216e07a4-9370-4bb2-8f1e-ee4be30a28af,64,32,0.0,00110000010100110110011001,,100.0,Key generated,0.0,,False,http://localhost:8023,False,concurrent,14.47,2026-05-22T19:40:35.826353
7,same_index,alice-2,bob-2,20,64,done,13.144,d37b0f5b-e7f6-4582-a2b7-f2a2121c2100,64,38,0.0,0110000010011110110111111101101,,100.0,Key generated,0.0,,False,http://localhost:8003,False,concurrent,14.47,2026-05-22T19:40:35.826365
8,cross_1,alice-3,bob-1,20,64,done,9.587,5540d256-d0f6-4dbe-b28c-f052d285bb05,64,32,0.0,10010011110000111000011001,,100.0,Key generated,0.0,,False,http://localhost:8013,False,concurrent,16.414,2026-05-22T19:40:56.241758
8,cross_1,alice-1,bob-2,20,64,done,8.219,d3a797b9-d9ae-4ff4-b2e2-ea1d76bf0d86,64,27,0.0,1011101101111000001000,,100.0,Key generated,0.0,,False,http://localhost:8023,False,concurrent,16.414,2026-05-22T19:40:56.241803
8,cross_1,alice-2,bob-3,20,64,done,15.927,c21430ad-3579-446c-81c7-e3f323886d94,64,34,0.0,0111000010101011001001110101,,100.0,Key generated,0.0,,False,http://localhost:8003,False,concurrent,16.414,2026-05-22T19:40:56.241823
9,cross_2,alice-1,bob-3,20,64,done,4.526,f213b42b-c09d-4365-a542-96191d1fffd8,64,44,0.0,001110000001110101010010000110111010,,100.0,Key generated,0.0,,False,http://localhost:8023,False,concurrent,14.384,2026-05-22T19:41:14.626959
9,cross_2,alice-2,bob-1,20,64,done,9.728,f89540be-7536-4fdd-b392-764c82004efb,64,35,0.0,0010011110000111110001011101,,100.0,Key generated,0.0,,False,http://localhost:8013,False,concurrent,14.384,2026-05-22T19:41:14.627000
9,cross_2,alice-3,bob-2,20,64,done,13.276,dec3edc7-0382-4707-a8ea-bde28abb19b7,64,34,0.0,1000011010000100110011111010,,100.0,Key generated,0.0,,False,http://localhost:8003,False,concurrent,14.384,2026-05-22T19:41:14.627021
10,same_index,alice-2,bob-2,10,128,done,6.259,137c5d5a-bac6-4e5a-9523-a497b02dabdd,128,67,0.07692307692307693,101110010100010100100111100001100101001110011011011000,,100.0,Key generated,0.0,,False,http://localhost:8023,False,concurrent,34.599,2026-05-22T19:41:53.227601
10,same_index,alice-1,bob-1,10,128,done,21.467,578171c3-f26a-43de-b145-d281d7bb1f57,128,65,0.0,1110011000101001001110011101001101110001011011000100,,100.0,Key generated,0.0,,False,http://localhost:8013,False,concurrent,34.599,2026-05-22T19:41:53.227644
10,same_index,alice-3,bob-3,10,128,done,34.202,a4d02999-b25b-4875-8e4b-6d023dde2f86,128,62,0.0,00111000001111011011110001100011010011001110001010,,100.0,Key generated,0.0,,False,http://localhost:8003,False,concurrent,34.599,2026-05-22T19:41:53.227657
11,cross_1,alice-2,bob-3,10,128,done,7.423,ea735fc1-44dd-430e-9809-810ee8b4756b,128,62,0.0,00000000101010111100011110011011001001000001001111,,100.0,Key generated,0.0,,False,http://localhost:8023,False,concurrent,36.817,2026-05-22T19:42:34.046163
11,cross_1,alice-1,bob-2,10,128,done,21.485,bb0b06ef-2430-4f56-8c6e-dae3451f0088,128,57,0.0,1001101001101101101001011100000100000110000010,,100.0,Key generated,0.0,,False,http://localhost:8013,False,concurrent,36.817,2026-05-22T19:42:34.046231
11,cross_1,alice-3,bob-1,10,128,done,35.49,58fa6b98-e55e-44f1-ac61-7b035c44a597,128,70,0.0,00001100111010011000011011111101010111110111011000001101,,100.0,Key generated,0.0,,False,http://localhost:8003,False,concurrent,36.817,2026-05-22T19:42:34.046260
12,cross_2,alice-1,bob-3,10,128,done,6.126,47242566-8345-4581-a980-1e26374b0960,128,54,0.0,01000110010101110111011110000010001011111010,,100.0,Key generated,0.0,,False,http://localhost:8023,False,concurrent,34.793,2026-05-22T19:43:12.840607
12,cross_2,alice-3,bob-2,10,128,done,22.373,5be55035-d9da-4c51-91af-21570a0150bb,128,63,0.0,000010001011000110101110011111001101001011101010100,,100.0,Key generated,0.0,,False,http://localhost:8013,False,concurrent,34.793,2026-05-22T19:43:12.840652
12,cross_2,alice-2,bob-1,10,128,done,34.258,2cdb051f-b5d0-496f-9a30-e038acc78b1a,128,56,0.0,111010110011010101101110101100001110100100110,,100.0,Key generated,0.0,,False,http://localhost:8003,False,concurrent,34.793,2026-05-22T19:43:12.840673
13,same_index,alice-1,bob-1,20,128,done,8.247,d918a802-81d9-4d0d-b14c-a95a0c57eabc,128,65,0.0,1010000101110101010010011000011101001010110011001010,,100.0,Key generated,0.0,,False,http://localhost:8023,False,concurrent,34.827,2026-05-22T19:43:51.670249
13,same_index,alice-3,bob-3,20,128,done,22.636,1c4cb265-7da2-45bf-be04-89f009056b01,128,75,0.0,110001001100100010001100001001011110100100100010101010010110,,100.0,Key generated,0.0,,False,http://localhost:8013,False,concurrent,34.827,2026-05-22T19:43:51.670288
13,same_index,alice-2,bob-2,20,128,done,33.656,125866ed-ba59-4cdb-b01f-cc85965c3251,128,62,0.0,01000100001001001101010111110000100011010100001010,,100.0,Key generated,0.0,,False,http://localhost:8003,False,concurrent,34.827,2026-05-22T19:43:51.670303
14,cross_1,alice-1,bob-2,20,128,done,9.754,1179bdd4-c42a-46e7-8ab3-a61708fac6f4,128,51,0.1,11010001110111101100101111111001010000101,,100.0,Key generated,0.0,,False,http://localhost:8023,False,concurrent,32.679,2026-05-22T19:44:28.350943
14,cross_1,alice-3,bob-1,20,128,done,22.273,4929a1f8-dcd9-4c82-9cfe-f24e881178f9,128,65,0.0,1010010000010100001010110010100010010100101011010111,,100.0,Key generated,0.0,,False,http://localhost:8013,False,concurrent,32.679,2026-05-22T19:44:28.350992
14,cross_1,alice-2,bob-3,20,128,done,32.483,8a4ccf00-be51-482f-aea1-94938f18dfff,128,55,0.0,11001110111101100101110001111110101100111011,,100.0,Key generated,0.0,,False,http://localhost:8003,False,concurrent,32.679,2026-05-22T19:44:28.351015
15,cross_2,alice-1,bob-3,20,128,done,14.803,a105da77-7a67-440a-9829-9b871afe315b,128,71,0.0,010000001101011111111101100000100100100100110000011101000,,100.0,Key generated,0.0,,False,http://localhost:8023,False,concurrent,32.768,2026-05-22T19:45:05.120194
15,cross_2,alice-3,bob-2,20,128,done,17.354,51a9f22a-e942-43d9-9e95-f63974d6d6c4,128,57,0.0,0000000011000101110011010000100110111000000010,,100.0,Key generated,0.0,,False,http://localhost:8013,False,concurrent,32.768,2026-05-22T19:45:05.120340
15,cross_2,alice-2,bob-1,20,128,done,30.966,6e9efb02-c115-4b97-911c-c399332b2127,128,59,0.0,100110000011010110001101011101001000100010011010,,100.0,Key generated,0.0,,False,http://localhost:8003,False,concurrent,32.768,2026-05-22T19:45:05.120362
16,same_index,alice-2,bob-2,10,200,done,26.023,dddc974e-b910-4343-b03f-fa0dd1b664cb,200,107,0.0,10101010001101101001110010100111010111111010100001010011101000111111001110001111000111,,100.0,Key generated,0.0,,False,http://localhost:8023,False,concurrent,71.171,2026-05-22T19:46:20.293068
16,same_index,alice-3,bob-3,10,200,done,48.385,6747451d-0d3e-43a4-be16-4d10ef27e3da,200,105,0.0,111111100101110001011101000000101101000001010011110010111111101110101100111110110000,,100.0,Key generated,0.0,,False,http://localhost:8013,False,concurrent,71.171,2026-05-22T19:46:20.293102
16,same_index,alice-1,bob-1,10,200,done,70.527,333f8990-ace7-4742-89e7-9c6ed5efbcbf,200,105,0.0,111101111100001010110110111101010111100111100011001001100010110101111101000110111111,,100.0,Key generated,0.0,,False,http://localhost:8003,False,concurrent,71.171,2026-05-22T19:46:20.293117
17,cross_1,alice-1,bob-2,10,200,done,27.568,352fbb93-0c30-4cee-8929-156bbed3e615,200,112,0.0,000111111010100101000110001001001100011011000100011111000100011100100100110000000111001100,,100.0,Key generated,0.0,,False,http://localhost:8023,False,concurrent,71.306,2026-05-22T19:47:35.600921
17,cross_1,alice-3,bob-1,10,200,done,49.553,84711ee3-6df3-4d8f-b34c-d50554a52675,200,98,0.0,1111101111001011000011100101000011111010011101010011111110101111110000000101100,,100.0,Key generated,0.0,,False,http://localhost:8003,False,concurrent,71.306,2026-05-22T19:47:35.600990
17,cross_1,alice-2,bob-3,10,200,done,71.21,364b394f-537f-4dfb-9923-43f934e94b03,200,103,0.0,00110111110010101110100000110010000110110101100001101011101000101101100000111100100,,100.0,Key generated,0.0,,False,http://localhost:8013,False,concurrent,71.306,2026-05-22T19:47:35.601022
18,cross_2,alice-3,bob-2,10,200,done,26.538,be474d73-08dc-4c29-95df-4215d96b9597,200,108,0.0,110100110101001110010001010001100010011000101001110001001001100010110001100101000100111,,100.0,Key generated,0.0,,False,http://localhost:8023,False,concurrent,71.199,2026-05-22T19:48:50.801695
18,cross_2,alice-1,bob-3,10,200,done,48.275,aa603ccd-6e12-484c-9f1c-08fe22632bae,200,103,0.0,00010010000000111100001000011010000011001111110111100000101111000001110101110100000,,100.0,Key generated,0.0,,False,http://localhost:8013,False,concurrent,71.199,2026-05-22T19:48:50.801727
18,cross_2,alice-2,bob-1,10,200,done,69.707,8039012c-f6f5-4868-8725-067477e20bbc,200,116,0.0,110110101011001010111001100110000010011101010100001001011001101001011100001010010111000011010,,100.0,Key generated,0.0,,False,http://localhost:8003,False,concurrent,71.199,2026-05-22T19:48:50.801741
19,same_index,alice-1,bob-1,20,200,done,26.959,807701e9-a7ec-4f41-9175-a025b59041c2,200,102,0.0,0010110110101110110100110010101011101010010101000111011000100110001110100011100100,,100.0,Key generated,0.0,,False,http://localhost:8023,False,concurrent,65.11,2026-05-22T19:49:59.913150
19,same_index,alice-2,bob-2,20,200,done,46.406,2a1ee20b-6f20-422c-89a7-861f777c7966,200,92,0.0,00000010000011001001111000000111001111010111111001101110110011011110010101,,100.0,Key generated,0.0,,False,http://localhost:8013,False,concurrent,65.11,2026-05-22T19:49:59.913184
19,same_index,alice-3,bob-3,20,200,done,64.414,fec5eea3-2e36-4661-909b-cd2b2d43c595,200,118,0.0,01111001101001111001110000000100001000111111011000110111101101010100101101110111000100101101111,,100.0,Key generated,0.0,,False,http://localhost:8003,False,concurrent,65.11,2026-05-22T19:49:59.913196
20,cross_1,alice-1,bob-2,20,200,done,26.074,ad9c682f-47d7-455d-b6d5-7365195f8370,200,88,0.0,01000000101001000011110111101001101010101010011011100000001100000110010,,100.0,Key generated,0.0,,False,http://localhost:8023,False,concurrent,63.045,2026-05-22T19:51:06.960046
20,cross_1,alice-2,bob-3,20,200,done,44.116,fe01cb62-3042-4328-9ba9-c035732a81de,200,99,0.0,10111111011001101011110101001101010111110110010110001100001011111101001001110101,,100.0,Key generated,0.0,,False,http://localhost:8013,False,concurrent,63.045,2026-05-22T19:51:06.960105
20,cross_1,alice-3,bob-1,20,200,done,62.614,50646de0-707d-4e65-be1b-f497fdc8e9b1,200,108,0.0,100011101000010100001011101011011011001101101001100100000010100111000001100110001001110,,100.0,Key generated,0.0,,False,http://localhost:8003,False,concurrent,63.045,2026-05-22T19:51:06.960131
21,cross_2,alice-3,bob-2,20,200,done,25.933,df837b0d-2495-41a8-ae68-371704dcb040,200,99,0.0,11000100010101111101000100100001001110110000010100011111100010110100101001000101,,100.0,Key generated,0.0,,False,http://localhost:8013,False,concurrent,50.802,2026-05-22T19:52:01.764090
21,cross_2,alice-1,bob-3,20,200,done,29.262,4b35cecc-948f-4d38-9028-3ac38147a34b,200,111,0.0,10111101001111011010000111000111101010001001110000001000100011100100011101011101101101011,,100.0,Key generated,0.0,,False,http://localhost:8023,False,concurrent,50.802,2026-05-22T19:52:01.764110
21,cross_2,alice-2,bob-1,20,200,done,48.815,f9bcc656-4cd6-4866-b3ee-bd94e55f9446,200,108,0.0,111101010101101000111111000101000110010111101011000000001010010010111011110111001111101,,100.0,Key generated,0.0,,False,http://localhost:8003,False,concurrent,50.802,2026-05-22T19:52:01.764123
22,same_index,alice-3,bob-3,10,1024,done,136.92,c3f5f21d-634e-4b62-ada4-82b97a49a85e,1024,515,0.0,1101110010000000100000111111110111101001011110101101111100100011010000001101110110100011000101101100000110000110101111110011100001011011001001001100001010100011000111100101100011011111001101101010010001111111011010011011110000001100000000000100011011001111010010010010110100111010001000110010100000101011111010100000001100010000011011011100001111110111110111110111000110010011110010101001000001110111010100010111,,100.0,Key generated,0.0,,False,http://localhost:8023,False,concurrent,286.239,2026-05-22T19:56:52.004276
22,same_index,alice-1,bob-1,10,1024,done,151.831,fb20be65-ba11-4a78-b909-84fba95b9f1d,1024,494,0.0,111100011000000110011100110101011011110111011111010111110000011100110011011111000111000011100001001011001100100111011001011111111010000010101101011101010011000000010110010011001100001100110100101100010111011001000011111001100001110011111011010101000001110100111000000010011100100011100010010101101001001001100110010010100101100000101110011011100110010000011011111000010111110010010110111000010011,,100.0,Key generated,0.0,,False,http://localhost:8013,False,concurrent,286.239,2026-05-22T19:56:52.004312
22,same_index,alice-2,bob-2,10,1024,done,285.184,ae9d5fd9-202f-4262-aebe-6d7760408f95,1024,547,0.0,010011010111010011011110111111001010101100111000111101000000001001100110010100010111100001101100110100110010110110000010000011001110100110000010010011011100110110001101001101011100101100111101100011000011001010010010111111011101111111111101110001001100110100110110011011011000110100101100001000000111000011010110110100001010110011000000100011010011110110110100011000111100001110100101111010000111011111011110001100001100101110101010101100,,100.0,Key generated,0.0,,False,http://localhost:8003,False,concurrent,286.239,2026-05-22T19:56:52.004325
23,cross_1,alice-1,bob-2,10,1024,done,131.84,5a1edd28-d7fb-42eb-880b-b03215ed4976,1024,520,0.0,10100011101001000000000001001110010110100010110001001011101110001101010001111011010110010000110000010111101110110000101110011011101011100001100101111110111101011001110100010011011000000000000001001111010011010101011111000000100001101110101001101011100001011100100110010001001011000011001010101111101011010111010000110111011111101000001111111010010011010100000110011100001011001110110100001010010010010010110000011010,,100.0,Key generated,0.0,,False,http://localhost:8013,False,concurrent,340.908,2026-05-22T20:02:36.914409
23,cross_1,alice-3,bob-1,10,1024,done,208.153,7505cbc8-d023-418e-bc66-d35edb8ce224,1024,504,0.0,10001111100010110100111011110101110010011111111001110110001001110000011101010110011011111000001011111110011101000000101110001101001001100100111101010001010010111101001010011011011010001100100101100100100000100101000101111111100011001110111100000010010011010011101100001101011100010001100111000100111010011101011010101111100000111101110011001000101001001101000010000011110101010001010001101000100100000010,,100.0,Key generated,0.0,,False,http://localhost:8023,False,concurrent,340.908,2026-05-22T20:02:36.914462
23,cross_1,alice-2,bob-3,10,1024,done,339.135,c15a7a39-3d6a-4502-9ba3-17b19af072a3,1024,518,0.0,1010110100111011010001011110001001110011110001110110100101101101111100011101111001110001100101001001010000101011111001010001000010101010000011101100000111010101011101001101101101101001001010000000111001111101111011111111111111000110110011011111111111011111001011101010011001110110000110001100110001101101011110110111001110011111111010111101101111011111111011111011011001100101111111100100010100110110110110001101110,,100.0,Key generated,0.0,,False,http://localhost:8003,False,concurrent,340.908,2026-05-22T20:02:36.914483
24,cross_2,alice-3,bob-2,10,1024,done,131.425,f1de6c73-4176-4653-b303-a5abe87d5473,1024,485,0.0,0000001001001111010010111011001001111100010010001000101100010000100000101011111000011111011111011001110100011101010111101000110110111001000011000001000010111111110001000011010010000111110011100101011100010010110010000100110101101100001001111000111000110000111000011111101100100110111110001101010100011001111011100101111000111111111111101111110010110011111111000100011000100101000010001001,,100.0,Key generated,0.0,,False,http://localhost:8023,False,concurrent,314.903,2026-05-22T20:07:55.819249
24,cross_2,alice-2,bob-1,10,1024,done,181.186,4fa5f9c0-409c-43a6-bf9e-8c0790694ed9,1024,552,0.0,0011101101010111111010111111000100101010100111100101010001100010001101110000011111101001000000100010000111100101000000000010110111001101110111100000010111110111001111101110010001001010001101010111111010010100111100010111001010100100010110010100011011101000110000010011011010001100100001101000101111000001100111110111001000111101000001100010001110011110110110100111011000010010110111001011111001011111001001110111010010101010010010000111100110,,100.0,Key generated,0.0,,False,http://localhost:8013,False,concurrent,314.903,2026-05-22T20:07:55.819284
24,cross_2,alice-1,bob-3,10,1024,done,312.888,378321ee-7522-4f0f-bf46-29e37aa4446b,1024,534,0.0,01001101100110001011111011100101011111110000100010101111010011110100111100101110110101110011010011011010000101001001001100000110110010111111011010011000100101111100010100101101011010111011111010110111001111101000100110000100010111110110000010010111010010101111011101100101000111010011001011010010111111001100100011100101011110101110000011110101101010100100011000010000001111000111000010111100011011011000101010000011010010010100,,100.0,Key generated,0.0,,False,http://localhost:8003,False,concurrent,314.903,2026-05-22T20:07:55.819296
25,same_index,alice-1,bob-1,20,1024,done,132.524,9a55b618-3b68-4e6e-91d4-3c9dd5712620,1024,528,0.0,001001100000001001001000010110110110101011011111001100001110111010000001110111010111111010010001001000110000101111101010011010000100101000110101010010101100010010101001101010000100100100111100100011011100001001110111100001011111100110011111101011110011100011100101001000110111011101000001001110000000100110010001011110101011010011110100100011100111001101111110110010010110110100000111101101011001101010100000101100100010001,,100.0,Key generated,0.0,,False,http://localhost:8023,False,concurrent,282.061,2026-05-22T20:12:41.882598
25,same_index,alice-2,bob-2,20,1024,done,153.98,e1b2b8eb-2e39-4039-945c-c5547f53c7cd,1024,528,0.0,000010110011010000101101001001001111000100011001100001010000000011000000100011001010100101011010010010000001111110000000110101100110100011110001100011010100000111001000111111101011100101100011111010110110111110010000011010010110110001011101011110101001010011100011110100100011100110100111110000001111011100100010010100011001010111011110100111100111000000100100001001000110001101000111100101100011001111100001110011101011000,,100.0,Key generated,0.0,,False,http://localhost:8013,False,concurrent,282.061,2026-05-22T20:12:41.882639
25,same_index,alice-3,bob-3,20,1024,done,280.552,62ec7f36-a81b-419b-b828-f4d7b3537325,1024,482,0.0,11100110010001000110001001110100011101111101101110001111100000110100010011000100001011100110100101001000011111100001111010101011110011101000010111000011110000011110011111100010000010010101001000011001110110111001010011000110111001110100101011010010101110110011001111000000010010011101110000100100110001110110100001001001110000101101100110100100101101011011101100100010001101001011001011,,100.0,Key generated,0.0,,False,http://localhost:8003,False,concurrent,282.061,2026-05-22T20:12:41.882663
26,cross_1,alice-2,bob-3,20,1024,done,129.749,88a41866-1ac1-4275-b736-2461b4a3081f,1024,519,0.0,10111100011000101111110001011111010100010001001001110000001100010101100111100001000100111000000011001000111010110010110001010110100001010101110101100000010101101111001000111011011011001010111000000011000100001100011010001101101100001010011010110111101110101011000111101101110000101010101001100110000101001111001000010110110101101100011010001101101101111010001110111000010001100100100101111001000111001100111101001111,,100.0,Key generated,0.0,,False,http://localhost:8023,False,concurrent,265.684,2026-05-22T20:17:11.568969
26,cross_1,alice-3,bob-1,20,1024,done,133.361,e23cd993-b580-412b-b5e7-0e032c3864e4,1024,514,0.0,0111100000110001101011010000111110010011000111100001000001001000000101100100100001111010101010101110001111101001000110001101001101010011110110001001010010101100010111101100000001111100111101010110011001110011001011000110100001011001010101000011010011010000101010001010111000010110011010111110000001100011111011001111000001111000101110101011001000010101101010010000010101000101001100011100111010010001101101000100,,100.0,Key generated,0.0,,False,http://localhost:8013,False,concurrent,265.684,2026-05-22T20:17:11.569028
26,cross_1,alice-1,bob-2,20,1024,done,264.334,faa373fa-76d3-4520-9e0d-c67bdb169fe8,1024,488,0.0,1001011000101001100011000101111000000011110000000010010100101101001111111101100100111001000000011100110110100011101001000011111100011000011111101001001010010110001010110000001111101001100010000101101101111111011000110101011101101011110100010101000101010001001000010101010001110100001100011011110011001111111100111010000110000011100101110101000101001000000000111000110000011101010110111111010,,100.0,Key generated,0.0,,False,http://localhost:8003,False,concurrent,265.684,2026-05-22T20:17:11.569046
27,cross_2,alice-1,bob-3,20,1024,done,129.802,f616b7c5-09d6-4d7a-bc2f-5a28863162c4,1024,484,0.0,1100001000110100100110101111010000011011100110101100011111001101001101001010010111101100000101101101111000110001111000110111101111101010010010000101111110010011000101111101101000001000101000111101011111110000100000101011110111110001000000110011010000111110101110000110011100100010000001100010111110000010001000001011100011001011010110110111110001111000110001101010010100011111111011110110,,100.0,Key generated,0.0,,False,http://localhost:8023,False,concurrent,296.499,2026-05-22T20:22:12.070173
27,cross_2,alice-2,bob-1,20,1024,done,166.061,0282c8b2-a3ab-471e-ac7d-ebd3f82bdcfa,1024,507,0.0,0001010100111000001010100000011011001010001101011000100010001110100011100001010101111100010001000011101001010011000100010000001011001010110111111001000111000010010010011000100001110100111010010011000101001100100001001010100000100011001001010110000001010010000100101101100100110101010101011101110000110110111111011001101010010111100100111000001110101111111101010101011011010010000010111100111100011100100101,,100.0,Key generated,0.0,,False,http://localhost:8013,False,concurrent,296.499,2026-05-22T20:22:12.070227
27,cross_2,alice-3,bob-2,20,1024,done,294.963,a0af1881-2b66-4a54-947c-c5b4ba4e76c0,1024,513,0.0,111011110010000000000001110011000001011101000110110011011110111110011011010101100110010101100111110111101000111010101011110011000001110111100011110110110101101110100011001010010101111110111110000010101011100101000110010111101100101001001110100010110011011010110001000000000101000111100111010001100110010010101111001000001111100110001100110011111101100011101000010110101101010000001101101001100001111011111011000,,100.0,Key generated,0.0,,False,http://localhost:8003,False,concurrent,296.499,2026-05-22T20:22:12.070276
28,same_index,alice-3,bob-3,10,2048,done,265.266,93277a26-5045-44b0-8a4e-e427e7ed352c,2048,989,0.0,111011000010001100001000111100111110101111100111111001110001111110110110111010100000100111101101100101100000100001110111110010000110000001011010000000000111011000110100110000010001100100110111101011111000111001111000000110011010000001110001001001101011000001010100111001011010111100100111000111111100101011100110110001011100110100101000101001000011001011101110001100100101110111110110011000100000000100011000000001000111001000001111101001011101100010100110000000111110010001011111010110011010010010110110110111100001010011100011000001000011101110101011100001000101000110010100010110100111010111110101000001001010111101011101100010000110101101001000100001000001001000101111001001101101000111101111111001000110110000010101001000011110010010101101100101100010100010011011000000000101001111001110,,100.0,Key generated,0.0,,False,http://localhost:8013,False,concurrent,700.761,2026-05-22T20:33:56.833315
28,same_index,alice-1,bob-1,10,2048,done,434.757,4a9d6123-e102-4427-9759-a0343d357a59,2048,1020,0.0,011111100001001011000110010110011011101100111111010100100001000001110110011110000101100100010000001100101101010101110101011101100001101001000110110111100111001110000111110011101010010001001011000011110010011000000010001001100100000000010100000011001100110001110101110101110011101010000000001010100100101011011100100100011011011000110110001011101100010001110000011011110100011110001110110100100110101000111100010011110101001010101100001001100101100001010000000101100010001111001101001000001010111010111100000111100011111110001100011000011101001001111101001011100010000010111111100011101110101000101011001101101010011101001111111001101011011101110101111100110101111001101001001011110000110110101010110011001110001100011001011111110110011110001001010100001011100000010100011111000101001001001100101111101000101110010110,,100.0,Key generated,0.0,,False,http://localhost:8003,False,concurrent,700.761,2026-05-22T20:33:56.833389
28,same_index,alice-2,bob-2,10,2048,done,698.787,fd23b633-02c9-4019-95b4-e87fb10764f6,2048,1035,0.0,001010000111010000110100011100010011010110001010001100101101001100100100010011010001101100100001110011111111111111010010010011010011001001010100000011101111000111101001001110010110011010110000001000001010101101110010011110111101100001011011010111100101001010101000101001111100001111101100000000100100110101100110000010000010010000011000010010100101010100001111010000101010101011010101100011100000010101000010111001011011101011011011010011011011101111000100100100100100101010011100000101110010100011000011110010001110011100001110100010100100001100101101100100101000010011110110011001001011110000001110100011111111001110110000101111001001111011000011001001111100001000111001101101110110111000110001011111101000010101000100110011000100010100101111001000111000101010001001101001011111010100000010010100011010110110000101010100110111,,100.0,Key generated,0.0,,False,http://localhost:8023,False,concurrent,700.761,2026-05-22T20:33:56.833416
29,cross_1,alice-2,bob-3,10,2048,done,256.467,28f340c0-0ce5-4f38-8c1b-0af677b740cc,2048,1036,0.0,1101000111000001000001011100010111001111111011010110001000100111111000110001101110011101100100111001000011001110100000011001000000110101001110100111000110001011010101001101110010111011010110101000111000110011111001000111110101110001110011000010001000111001101000000111001111111011101000101000100000101110100011010110110000101000101010101001111011100100111000110101011110000011110110111001100010001110010011010110100011111000101010011110011100111110000100010100010100101110011011100100100011011101001101001011001000111011000110011011100101101000000110001101010100110011000111101110010100011011111100100101101110000110110010011110101111111101000100010101101111001101101101011100000001101011111100010101001110100101010001100110110101101100011010001010001100101011100001100101111000101001010101100010100011111100101001111101110100001,,100.0,Key generated,0.0,,False,http://localhost:8013,False,concurrent,493.132,2026-05-22T20:42:13.968786
29,cross_1,alice-1,bob-2,10,2048,done,277.76,99da4520-6592-4bd6-8590-bb7760f7e292,2048,1033,0.0,11010101000010101100011110011011011100010001000111011101001000001110011100010011010010001010101101111101110000001010101010010100111110000111000001000110100001001010010101010011101010111111110011011111110101001111010001110011010111100100010011110011011100001010111010100001110000001111010000000111010101000010101110110111110010100001101101111110001101100001101111010110010011011000011110110101011100001010011111101000101110010100101011100010001001111011111101100001111101101001010000101100111001111001101010001000010100011110110010000001011111101100001000100100011111011000110101110101101000001000100010101101000111110011110110101110010110010001001101100100110011011100100110111110110011001100000111111001011011110100001011011010101010000110111001001100110011011010110011001011011110111111000100101011101010100000000101010011000,,100.0,Key generated,0.0,,False,http://localhost:8023,False,concurrent,493.132,2026-05-22T20:42:13.968844
29,cross_1,alice-3,bob-1,10,2048,done,492.603,9a7cdacf-ba2f-4599-b6dc-68f6e3f5ad34,2048,992,0.0,01011010111000000110100100100110000101001000110111111100101010001100101110010010110100000111001100000000010010111000000110111011110101101101011100010111111111101100001100101111001011011010011011010111100011001011011011110101001111011011011101010101001110101101101101100011101011110101101011110010110010011111000000100011101110001000100010110100010011001001101000011110001011010110011110010000110101000011000101000110101010010001111010000011011100001000101100100111011111000011010000000001111111011011000111010100000010010110001111000101010110101011011001111111111000000110000001101000111011111101111000110101011011100101000001110010010100111111010110101011001101011000001111100110101100000101000000011111010010110111010001000001010010100110011100101011010110111000101000010111010110111010100010,,100.0,Key generated,0.0,,False,http://localhost:8003,False,concurrent,493.132,2026-05-22T20:42:13.968870
30,cross_2,alice-2,bob-1,10,2048,done,268.999,eefd522a-e9c9-4cbb-8418-973c80b78698,2048,1042,0.0,011110001011010110001000111000010111100111010010000010010100100101011111101111101101010100001001111110110110101100010111101110011100000010000000011011101010100000101000100111101001000010010010111001010111011101101000100110011101110100000011100011011101000110100110110001011010101101010000000000000000100001010011010001000110111101110011110001000111000010000001110101101011100101000100000001110010011100100001001011101111011111101100011001110010100000100000000111111000010111111000101001100001001011010010000000010011010000010101100001111000101111101110111010011111100011011100101111100110110001100111100000110101101100100110011011000101100010101000001101010100101110011001001100101010101011010110100011111010011011011001001001001010100000110100010111011110101111000010000001010001000001010010100000110101110001000101000011011010111010,,100.0,Key generated,0.0,,False,http://localhost:8013,False,concurrent,435.724,2026-05-22T20:49:33.694421
30,cross_2,alice-1,bob-3,10,2048,done,278.939,9bbed712-9435-46ff-b390-a9d849c0c863,2048,981,0.0,01001111011100101011111001000100111111011100100001101011100110010101001010000011000010001010111000111010000101011011011110110011011110101011110010100111001010000000101010100010111001100101001001001010100000011100011101101111111111110000000000101101110001110001111100001100101001111001100000101110000111110100101110101001001111110001110010100001110110001111110001011111001001101011100100111001111010110110001111101110100001110001101011010010101101000011110110001110111100101110111001000101001010011000011111010001011000000011000011010000111111001000101100001101000100111000010001100001110010000011111100011100011011110101000000111001000000110010110000100010001011111100011100101010001110111000011001001101101101100000111111100010101110001111100011010111000111001100000000101010011101110,,100.0,Key generated,0.0,,False,http://localhost:8023,False,concurrent,435.724,2026-05-22T20:49:33.694436
30,cross_2,alice-3,bob-2,10,2048,done,433.654,85846190-7099-44a3-b9dd-9ea410dee0d7,2048,1041,0.0,01110100011111000011100100101001100011001001010011111010101110011001100101110100001100011000001100011010011101011101100111011101000100101111011110111011111111011011011100010100100101100110100011010111001101001000111111110011000110001011001010001110111100010101111011111100011010100001111011000011110101101001011001110111100101010111110011111111011111000011100011111000110010011001011100100001001001011000111000011110011000100001101111100101000110100011001001101011100100000010100000101100000110110111010101100101100110011010101111100001100101111001000110110000001001010110110001010100110111101101011101001100111101101110000010000000000111100010000000110011001000101110110010100100110011101001001000001101010000101110000001010100000100000100101000000000000011000100011011000110010100101100100101101101100001000000000111110110101101111,,100.0,Key generated,0.0,,False,http://localhost:8003,False,concurrent,435.724,2026-05-22T20:49:33.694441
31,same_index,alice-3,bob-3,20,2048,done,244.325,af7f0aef-d212-414a-bf7b-bb9d6e6092a4,2048,1000,0.0,11010101100000011101001010001011001010101101010011100001110011010110100110001001100011001011111010001010100000101110000000010000100011111100101101011000010001001100000010001001100111110111100101001011001011011000100010101000100110010100011111110001100011000010111001110001000010101000110100010000110010010111011101101001001101111111110100100110000100110010110001001010110110111010110101111000011100010111001100001110110101011101011010001111010001010100000100100110101110000101011100100011011001101011111001110011010100100010000011110101000110111001011110101000111000110010111100101100010110001111110010001110111000110111101011101111011111111101110001010111100011010011010111100011010001101110101111001101110011111111110000111101001100001001011000010011010100001010100110101111100010011011000110111001,,100.0,Key generated,0.0,,False,http://localhost:8023,False,concurrent,527.942,2026-05-22T20:58:25.637453
31,same_index,alice-2,bob-2,20,2048,done,284.667,af09c472-8eeb-4fbe-bf38-916566ef688c,2048,1019,0.0,000111000100101011101111011000010110101101100111000110111101100101101111101110000010000110100100001001110010001000001110111001101000001011010000100101101110111000010111010000010101101111001101101010001001110011100111011000100101111001101110011010111101010101110010010100110010011100110000001011001011000010100010101010000101000100001010110111110100110110111001110111100110111001101011010001000011001110001110001001110010100001011001110010010011010101110000111001000000110101100010100001101000000011111111001111110110111100010010110100101010101010010000011001101000111100010101001011110101101111000100100010000110111111000110101010111010011000110111110110000010000011001101000111101101110111000111110010111010000010101100010100001101000100100110001111101010110110010001110101001001110000111101110011011101000100100001,,100.0,Key generated,0.0,,False,http://localhost:8013,False,concurrent,527.942,2026-05-22T20:58:25.637467
31,same_index,alice-1,bob-1,20,2048,done,526.361,03a51c84-faf2-4de6-9e8a-1147324c49ef,2048,1018,0.0,11100110000111111011011011001001110011000010101100010101010010111101100001100010000101000010100110001111111111100100111111110001010111011010010001011100010100000001000000101010010000111111111110110001100111010010100100001000110110111010101011110001101100011111101000011100111011010001010100000011001010000011010101000100110110111100010001100000111110000101100010110011110000111001100101010111000101011001011011011001010011100110111100010101100011101100000000111010000001001010001011011001010001110111011111011111110010001011010111100110001011111110001001100101001000101011011011001001001101101011111000001010000000101010000110101100100000101000011010001011001101000000011010010011001111011000001100101001110001101001000110001011111111011100111000100010011110011010101111111101011000001000001011000000001101011001101,,100.0,Key generated,0.0,,False,http://localhost:8003,False,concurrent,527.942,2026-05-22T20:58:25.637471
32,cross_1,alice-3,bob-1,20,2048,done,254.708,62302ccf-5606-4874-8502-3ff2720059b6,2048,1025,0.0,1010100111001010100111001110001011111001110001010110000000001010111110001001001000110100010110100001110001010011111111100010001010101010001000011110001111011011110101000100110000010010010100011101111110001001100101001011010011110001000000101100100101011011001101010000001010110100011000001011111000001011001100110000100100100111000011101111001010001000111100000011100010001101111101001100010001110000101001010000111001010011000001011100000101101100111010010000010111011000001100101101000011100000110111100010111010000101100110100000110100001110011100111111011001110001011110100111111101101011011000110000001110101100001011101011010111100000000000000100001111100001100111111001011101110000010000011000001101100011100000111010111011111000101100011000010111010111010011110000111111101111000011011111011110100010011000111100,,100.0,Key generated,0.0,,False,http://localhost:8023,False,concurrent,602.325,2026-05-22T21:08:31.963953
32,cross_1,alice-2,bob-3,20,2048,done,361.639,dbfcc130-0769-4004-961d-9bc5fc05fdfc,2048,1019,0.0,011000000101000110100000100011100111100110101110010011000001101010100011010011010001000010011010011101001011001011001000111001100110101011011100000011010000111101000010011100101011011001011010001111100100111111011011000110110001110000111100011100000000101101011000000111100010000001010011111101000000110010110000010110000110101111110101100110011101011111010011010001101110101001110001001011100000001101000001101111101001000101001010111111010010101101000111101000010000001111100011111100100110001001100100111111001110111101011001111100000011000000111111000000100011111110110100100110111001110111010010011000111000000000001111010001111001100011000001011011010110011101000001010111001101001100011011001010001101111101000001010000111011111100111001100010001011001110110010000011011010010101011111101000110101010011100000,,100.0,Key generated,0.0,,False,http://localhost:8013,False,concurrent,602.325,2026-05-22T21:08:31.963969
32,cross_1,alice-1,bob-2,20,2048,done,600.622,6fdd9de0-e18b-4022-839d-7b4e22e644ba,2048,1004,0.0,000110010000001111111000111011001111010110101010001100110110101111100011010011010110010010101001100001110010111111111010101001100001001110010100010000000101001100000100011011011010111100001000000100101110111110011011101110000000010111001101110010110011001111100000110100111101001101001100100011111010001011101011011010100101001010011101011001101010111100101100000101010101100011100001000100111111111010111001001011101111110110100000011001101000100111111011001101001011000001101011111100011001110001100000001011001111101110111010100101100001011111010011011111010000110011101110101001011001000010011111110010100101001110101101101001110110100111010001111000110010110101111000010001101000100101100011100101001111001010011110110000110011000000000101010100011001011001100110010101010011010100000010110011001001,,100.0,Key generated,0.0,,False,http://localhost:8003,False,concurrent,602.325,2026-05-22T21:08:31.963974
33,cross_2,alice-3,bob-2,20,2048,done,247.829,46b4ad1b-b272-4cd3-b1a3-ad9de85b10ea,2048,1005,0.0,110001000001011010000010111110101101110101111001101101000100001110011100011001101001010111100010001101011100111100000111000110011111100101001110101101111010110001010100110010010110111011111001111111001011001110001110001110100110001011000111110101110011101011001101110000100110110000011010111110110100111111010001100100001110000111101110000011100111111011111010101100001001110100011000010011110100011010100101110111011010001101010001011010101011111011101011001001000010101000001011100110000011000100110000000101101111111100101001101100010110110000101100011000111100001110011010010111010111010010101000101101011101100010100110010111100101010101000100110000000100100100101111111100101000111110110110000101111111001001110111100000100101011101011100000000011110000111101010110000011010000111010000110000111010,,100.0,Key generated,0.0,,False,http://localhost:8023,False,concurrent,528.13,2026-05-22T21:17:24.095021
33,cross_2,alice-1,bob-3,20,2048,done,285.528,5cfa72e7-1ee9-4683-bc31-3c6f4200f151,2048,1054,0.0,1110010001100110110100001011100011011110110111011000111001101110111011110000111011010110011001000101001011011111110111000001010111100010000111001110111010011111110000000110111101011000111000100111101010101001000100001101000101111100111001001101000101101010110101111101001000100101011111110110001000100010001110111010000010011001010101001010110110101010011000001101000011011100100101100010001010101001100101110010000000111001001100110111000100011101010001010111101111011110011011110010111010111000100001110001001000011001011011100000101101011110101010100011010110101101101100110011001111010100110100001101110001001000001101110111101010001001011110101111100011001100101000010101111001100010100010100101001110000111011001101000011010111100011101100111100011010110001010010110000111100000100011110011111100111011111111010011011000101101011001011111,,100.0,Key generated,0.0,,False,http://localhost:8013,False,concurrent,528.13,2026-05-22T21:17:24.095034
33,cross_2,alice-2,bob-1,20,2048,done,526.738,0b033981-f488-4d67-9f7d-6d649dbb18b8,2048,1052,0.0,11000010011011001010100111010001010101101111110011010111000101010111001100110110000011001111101000011010101100100000111000111010011100100101101110010011001010011011000011100101011000000101111001010110100110111010011011111001110111110011000110100101111110110001001011101101100111111100101111000100000000001100111001100100010100011011101001111111101010011110000001000101000010001001101011111100101100111011000111100100100010101111011100001011010001000101110001001101101110100000010011101111001111101000101110001010010111101111001100110101111000101011111010101100001001001011001000110000101011100100011000001001010110011011100111110101111110001010000000010101101001100010001001001110100101000110011011100010001010110001100010110010000110011110101011101111011100101000110111011110000000010010100110101001000000001100011100111111101110101000011111,,100.0,Key generated,0.0,,False,http://localhost:8003,False,concurrent,528.13,2026-05-22T21:17:24.095039
