run_index,pair_id,scenario,run_type,group_index,group_type,alice_label,bob_label,batch_size,n_qubits,status,latency_s,session_id,n_delivered,n_sifted,qber,key_final,error_message,progress_pct,phase_label,loss_rate,interceptor_label,retry_enabled,qkdl_url,intercepted,eve_registered,n_intercepted,basis_match_rate,theoretical_eve_qber,eve_detection_correct,group_wall_time_s,timestamp
1,1,clean,sequential,,,alice-1,bob-1,10,64,done,12.042,be4fdd63-e339-415c-96ae-6b2ae13e3e82,64,33,0.0,001100111101110010010010000,,100.0,Key generated,0.0,,False,http://localhost:8003,False,,,,,,,2026-05-22T22:51:37.186338
2,1,eve,sequential,,,alice-1,bob-1,10,64,aborted,3.45,66d7a241-8e64-4dce-b981-753690eee3a6,64,0,0.375,,QBER_TOO_HIGH,0.0,Session aborted,0.0,eve-1,False,http://localhost:8003,True,True,60,0.5333,0.25,True,,2026-05-22T22:51:46.623608
3,2,clean,sequential,,,alice-1,bob-1,20,64,done,11.096,1c957374-294d-44d9-88d2-c1926bfdf162,64,36,0.0,10001111101111101010010111011,,100.0,Key generated,0.0,,False,http://localhost:8003,False,,,,,,,2026-05-22T22:52:03.193033
4,2,eve,sequential,,,alice-1,bob-1,20,64,aborted,3.227,6def5c8f-a276-4aeb-ac05-73933229eb57,64,0,0.6,,QBER_TOO_HIGH,0.0,Session aborted,0.0,eve-1,False,http://localhost:8003,True,True,64,0.4531,0.25,True,,2026-05-22T22:52:12.689905
5,3,clean,sequential,,,alice-1,bob-1,10,128,done,18.556,1a245ecd-c0e5-40cc-a2d7-b170f81b5049,128,60,0.0,110100101100111110011000001101001011110000100101,,100.0,Key generated,0.0,,False,http://localhost:8003,False,,,,,,,2026-05-22T22:52:37.239899
6,3,eve,sequential,,,alice-1,bob-1,10,128,aborted,2.797,e2d184e9-59d2-4e24-aab7-f1945ce7ecd9,128,0,0.15384615384615385,,QBER_TOO_HIGH,0.0,Session aborted,0.0,eve-1,False,http://localhost:8003,True,True,128,0.5781,0.25,True,,2026-05-22T22:52:46.452849
7,4,clean,sequential,,,alice-1,bob-1,20,128,done,19.003,db64ae3b-d0df-4192-9071-27557a352e74,128,62,0.0,01011110011101110010100100010111011100000001110101,,100.0,Key generated,0.0,,False,http://localhost:8003,False,,,,,,,2026-05-22T22:53:10.857572
8,4,eve,sequential,,,alice-1,bob-1,20,128,done,3.17,748e0357-66c1-4e4e-b54d-ffdad14982a1,128,63,0.0,011100100010101001000110110110100011101110011111101,,100.0,Key generated,0.0,eve-1,False,http://localhost:8003,True,True,127,0.4882,0.25,False,,2026-05-22T22:53:20.055100
9,5,clean,sequential,,,alice-1,bob-1,10,200,done,28.419,83247a59-1e6a-46b3-8843-314fbca32888,200,106,0.0,1111010110110111100110101100010001000010000101111001111000011001110011011101101010100,,100.0,Key generated,0.0,,False,http://localhost:8003,False,,,,,,,2026-05-22T22:53:52.719296
10,5,eve,sequential,,,alice-1,bob-1,10,200,aborted,3.727,7a9a31ff-c7de-493e-b591-0655372094a9,200,0,0.3888888888888889,,QBER_TOO_HIGH,0.0,Session aborted,0.0,eve-1,False,http://localhost:8003,True,True,200,0.42,0.25,True,,2026-05-22T22:54:01.922264
11,6,clean,sequential,,,alice-1,bob-1,20,200,done,28.157,e0ba04a8-7e9a-4e1f-812a-3cbe31940c50,200,94,0.0,1111001101000111101000001001000010001000010010101100101011011010000000001001,,100.0,Key generated,0.0,,False,http://localhost:8003,False,,,,,,,2026-05-22T22:54:34.422088
12,6,eve,sequential,,,alice-1,bob-1,20,200,aborted,3.89,c131daf7-7ab0-4b66-8b1b-5aa95b613d20,200,0,0.2631578947368421,,QBER_TOO_HIGH,0.0,Session aborted,0.0,eve-1,False,http://localhost:8003,True,True,200,0.465,0.25,True,,2026-05-22T22:54:43.617122
13,7,clean,sequential,,,alice-1,bob-1,10,512,timeout,1200.191,e58c2405-06c1-44f7-a1ec-6b27353940e4,0,0,0.0,,,50.0,Quantum transmission,0.0,,False,http://localhost:8003,False,,,,,,,2026-05-22T23:15:00.977793
14,7,eve,sequential,,,alice-1,bob-1,10,512,aborted,156.214,67939543-6e8f-4a03-b611-02ebd47e2a59,0,0,0.0,,QKDL init failed: ,0.0,Session aborted,0.0,eve-1,False,http://localhost:8003,True,False,0,,0.25,False,,2026-05-22T23:17:42.254548
15,8,clean,sequential,,,alice-1,bob-1,20,512,aborted,156.238,0eb16ec0-82fe-4bf7-a083-799495734682,0,0,0.0,,QKDL init failed: ,0.0,Session aborted,0.0,,False,http://localhost:8003,False,,,,,,,2026-05-22T23:20:22.523017
16,8,eve,sequential,,,alice-1,bob-1,20,512,aborted,156.391,eade2a02-6955-4bd8-ad7a-9bebdffa73be,0,0,0.0,,QKDL init failed: ,0.0,Session aborted,0.0,eve-1,False,http://localhost:8003,True,False,0,,0.25,False,,2026-05-22T23:23:03.978282
17,9,clean,sequential,,,alice-1,bob-1,10,1024,aborted,156.288,94169d48-299a-44bb-94f7-8e7dbeb8f947,0,0,0.0,,QKDL init failed: ,0.0,Session aborted,0.0,,False,http://localhost:8003,False,,,,,,,2026-05-22T23:25:44.295945
18,9,eve,sequential,,,alice-1,bob-1,10,1024,aborted,156.398,3df250a7-0358-4b66-80c9-23f0c06a3955,0,0,0.0,,QKDL init failed: ,0.0,Session aborted,0.0,eve-1,False,http://localhost:8003,True,False,0,,0.25,False,,2026-05-22T23:28:25.753605
19,10,clean,sequential,,,alice-1,bob-1,20,1024,aborted,158.112,c6e078e8-0ada-4f8b-aec5-8bae7eed7bf6,0,0,0.0,,QKDL init failed: ,0.0,Session aborted,0.0,,False,http://localhost:8003,False,,,,,,,2026-05-22T23:31:07.899813
20,10,eve,sequential,,,alice-1,bob-1,20,1024,aborted,156.458,a7807f2e-d590-4119-9f87-3787a51d434d,0,0,0.0,,QKDL init failed: ,0.0,Session aborted,0.0,eve-1,False,http://localhost:8003,True,False,0,,0.25,False,,2026-05-22T23:33:49.414933
1,1,clean,sequential,,,alice-1,bob-1,10,64,done,13.579,91c08982-2c00-4cf2-97bf-8d3afc28a0ad,64,30,0.0,000011010000100111010101,,100.0,Key generated,0.0,,False,http://localhost:8003,False,,,,,,,2026-05-23T20:34:12.056010
2,1,eve,sequential,,,alice-1,bob-1,10,64,aborted,1.703,5589310b-5cda-406f-8175-3d85d21a25c0,64,0,0.6,,QBER_TOO_HIGH,0.0,Session aborted,0.0,eve-1,False,http://localhost:8003,True,True,64,0.4531,0.25,True,,2026-05-23T20:34:19.192845
3,2,clean,sequential,,,alice-1,bob-1,20,64,done,6.736,d40ffb91-1569-4f17-9bc1-729ef2ee37d7,64,31,0.0,0110011100010000011100101,,100.0,Key generated,0.0,,False,http://localhost:8003,False,,,,,,,2026-05-23T20:34:31.419060
4,2,eve,sequential,,,alice-1,bob-1,20,64,done,1.459,1161fad6-95ff-4db1-b382-0b21ae2c4a96,64,34,0.0,1001001100111101111011000011,,100.0,Key generated,0.0,eve-1,False,http://localhost:8003,True,True,64,0.4531,0.25,False,,2026-05-23T20:34:38.608890
5,3,clean,sequential,,,alice-1,bob-1,10,128,done,7.452,6089da48-9e6a-4b17-a06e-03f0091b259b,128,67,0.0,000001111110101000101011011000010100011010001000010000,,100.0,Key generated,0.0,,False,http://localhost:8003,False,,,,,,,2026-05-23T20:34:50.973180
6,3,eve,sequential,,,alice-1,bob-1,10,128,aborted,1.771,e5d0594a-0358-42f5-830c-5e88c5bae70c,128,0,0.46153846153846156,,QBER_TOO_HIGH,0.0,Session aborted,0.0,eve-1,False,http://localhost:8013,True,True,128,0.4531,0.25,True,,2026-05-23T20:34:58.254330
7,4,clean,sequential,,,alice-1,bob-1,20,128,done,6.338,85c36190-ef61-4291-bcf1-2bee0e75613a,128,66,0.0,11010011110100101010000010100010111001111111100101011,,100.0,Key generated,0.0,,False,http://localhost:8003,False,,,,,,,2026-05-23T20:35:10.493322
8,4,eve,sequential,,,alice-1,bob-1,20,128,aborted,1.505,0780281a-e94f-42b0-a1f4-322857b8254f,128,0,0.3333333333333333,,QBER_TOO_HIGH,0.0,Session aborted,0.0,eve-1,False,http://localhost:8003,True,True,128,0.5781,0.25,True,,2026-05-23T20:35:17.636420
9,5,clean,sequential,,,alice-1,bob-1,10,200,done,7.506,cdd850b2-584a-4180-9bb9-8e409a29e7d0,200,114,0.0,10010001100000010110011001001010110010110111111100001101000001100000010100100110100011010110,,100.0,Key generated,0.0,,False,http://localhost:8003,False,,,,,,,2026-05-23T20:35:29.875218
10,5,eve,sequential,,,alice-1,bob-1,10,200,aborted,1.734,4f7b49e9-12b3-40b6-a18f-a28bff9d4689,200,0,0.2,,QBER_TOO_HIGH,0.0,Session aborted,0.0,eve-1,False,http://localhost:8013,True,True,200,0.465,0.25,True,,2026-05-23T20:35:37.009128
11,6,clean,sequential,,,alice-1,bob-1,20,200,done,9.419,cd055cfe-625a-4485-9fd9-c53208fda414,200,112,0.0,110000110010110111000001110110000110010100101010000111100010001100000111010001010100100100,,100.0,Key generated,0.0,,False,http://localhost:8003,False,,,,,,,2026-05-23T20:35:51.260127
12,6,eve,sequential,,,alice-1,bob-1,20,200,aborted,1.502,b12bc93c-54be-45e0-ada9-0ff3d61329b1,200,0,0.15,,QBER_TOO_HIGH,0.0,Session aborted,0.0,eve-1,False,http://localhost:8013,True,True,200,0.54,0.25,True,,2026-05-23T20:35:58.395914
13,7,clean,sequential,,,alice-1,bob-1,10,512,done,20.003,8e0156ef-a945-4b35-81a3-8c1451d2c19b,512,247,0.0,000001100001001101011010000001101111000111010011001010010001100111101000100111100110111100111110001000000001110011000110010000000111000101001000011000100110100100101100011011100010011000111000001000,,100.0,Key generated,0.0,,False,http://localhost:8003,False,,,,,,,2026-05-23T20:36:23.069418
14,7,eve,sequential,,,alice-1,bob-1,10,512,aborted,4.399,7f3758ce-b2d1-4a78-87fc-da870f0e8417,512,0,0.2549019607843137,,QBER_TOO_HIGH,0.0,Session aborted,0.0,eve-1,False,http://localhost:8013,True,True,512,0.4863,0.25,True,,2026-05-23T20:36:34.270891
15,8,clean,sequential,,,alice-1,bob-1,20,512,done,25.162,d6998162-2cb7-4b95-9699-224575eedd8c,512,273,0.0,111001100111101110100000101110010110111111110101010000111101010111010100001001001101101100101010000100000100011110110111110001111000100011101110010100111110111110101000001110101010000110001101010000100111010111100101011,,100.0,Key generated,0.0,,False,http://localhost:8003,False,,,,,,,2026-05-23T20:37:04.874097
16,8,eve,sequential,,,alice-1,bob-1,20,512,aborted,3.077,168c5421-6916-449a-a3cb-f269c0080eac,512,0,0.37254901960784315,,QBER_TOO_HIGH,0.0,Session aborted,0.0,eve-1,False,http://localhost:8003,True,True,512,0.502,0.25,True,,2026-05-23T20:37:14.144547
17,9,clean,sequential,,,alice-1,bob-1,10,1024,done,66.062,57d580a0-ec4e-4c27-aef3-b12dd69379c8,1024,558,0.0,111110100110011001011010000011000010001111100010001001111100010111110010011111100100101011110010111010001101111011100001100011000110100001111010000110001011000000101000111001111111100101000100101001001101111100111000011101100001000111011101011101101100010110000000100101010000011100000111000110111010000001110010111001000000111110011110000111100100001011001001110110010110010111110000000011010000101000011110011100010010000110111110111010100111100,,100.0,Key generated,0.0,,False,http://localhost:8003,False,,,,,,,2026-05-23T20:38:25.274959
18,9,eve,sequential,,,alice-1,bob-1,10,1024,aborted,5.942,4fd656a5-77cd-404a-9b4d-595e401f361b,1024,0,0.1919191919191919,,QBER_TOO_HIGH,0.0,Session aborted,0.0,eve-1,False,http://localhost:8003,True,True,1024,0.4873,0.25,True,,2026-05-23T20:38:36.579900
19,10,clean,sequential,,,alice-1,bob-1,20,1024,done,129.025,bb214870-f247-47e5-b82f-31f3626fc985,1024,549,0.0,10101110110010001111111101111110100000010000111011001010010101101101010111001101101101001011110001001101100011010000010101010010001100000100100111101000110010111110001011101000110111100111101010010111001110101011110000001100100101100000000010101101011000101100101111100010111011000000100011011111001101010000101111100111111111100110000000000001000001111001010100010010001011001010110101100110010000000101110111000010011000000000110000000011,,100.0,Key generated,0.0,,False,http://localhost:8003,False,,,,,,,2026-05-23T20:40:50.235802
20,10,eve,sequential,,,alice-1,bob-1,20,1024,aborted,5.21,f9baee40-ef3e-4cbe-ae0b-cf0fdc0dac4b,1024,0,0.29411764705882354,,QBER_TOO_HIGH,0.0,Session aborted,0.0,eve-1,False,http://localhost:8003,True,True,1024,0.4912,0.25,True,,2026-05-23T20:41:01.517581
21,11,clean,sequential,,,alice-2,bob-2,10,64,done,8.542,48a6c427-cf22-4157-ab19-cf611daeccee,64,36,0.0,00010101001111001010001100010,,100.0,Key generated,0.0,,False,http://localhost:8003,False,,,,,,,2026-05-23T20:41:15.727064
22,11,eve,sequential,,,alice-2,bob-2,10,64,aborted,1.578,069ab1d7-f4ec-4356-99f7-a52641e23e80,64,0,0.16666666666666666,,QBER_TOO_HIGH,0.0,Session aborted,0.0,eve-1,False,http://localhost:8003,True,True,64,0.5156,0.25,True,,2026-05-23T20:41:22.850727
23,12,clean,sequential,,,alice-2,bob-2,20,64,done,8.516,b7b95a28-7c6e-4aa0-a821-65e6dda320f5,64,37,0.0,111111000000110001111111001010,,100.0,Key generated,0.0,,False,http://localhost:8003,False,,,,,,,2026-05-23T20:41:37.125771
24,12,eve,sequential,,,alice-2,bob-2,20,64,aborted,1.416,ca877248-3648-4d5f-a8bd-ea41bcaccf89,64,0,0.16666666666666666,,QBER_TOO_HIGH,0.0,Session aborted,0.0,eve-1,False,http://localhost:8003,True,True,64,0.5938,0.25,True,,2026-05-23T20:41:44.251391
25,13,clean,sequential,,,alice-2,bob-2,10,128,done,17.512,fb401e3e-0f70-4730-9a14-288592f38aaa,128,72,0.0,0010100010100010011111000000111111000001010000010101001110,,100.0,Key generated,0.0,,False,http://localhost:8003,False,,,,,,,2026-05-23T20:42:06.541608
26,13,eve,sequential,,,alice-2,bob-2,10,128,aborted,1.962,2cea8da1-647b-4d2d-a5d4-1cf3f5888e71,128,0,0.14285714285714285,,QBER_TOO_HIGH,0.0,Session aborted,0.0,eve-1,False,http://localhost:8003,True,True,128,0.5312,0.25,True,,2026-05-23T20:42:13.713232
27,14,clean,sequential,,,alice-2,bob-2,20,128,done,16.479,60362007-c092-4a25-8da8-427c9add55c0,128,64,0.0,1000011110010010100001110101111010000001011010000001,,100.0,Key generated,0.0,,False,http://localhost:8003,False,,,,,,,2026-05-23T20:42:36.143493
28,14,eve,sequential,,,alice-2,bob-2,20,128,aborted,1.648,64d47892-9334-477b-9a99-a3a37a0cdf04,128,0,0.3076923076923077,,QBER_TOO_HIGH,0.0,Session aborted,0.0,eve-1,False,http://localhost:8003,True,True,128,0.4609,0.25,True,,2026-05-23T20:42:43.264183
29,15,clean,sequential,,,alice-2,bob-2,10,200,done,26.68,4803b6e4-98a4-4a91-a218-91914045f5a7,200,107,0.0,00111001011101001011010010101100111011010101000111101110101111001101101111100111111001,,100.0,Key generated,0.0,,False,http://localhost:8003,False,,,,,,,2026-05-23T20:43:15.702332
30,15,eve,sequential,,,alice-2,bob-2,10,200,aborted,1.867,b485f234-bd41-4801-a90d-5a8558c3f4ff,200,0,0.15,,QBER_TOO_HIGH,0.0,Session aborted,0.0,eve-1,False,http://localhost:8003,True,True,200,0.505,0.25,True,,2026-05-23T20:43:22.833425
31,16,clean,sequential,,,alice-2,bob-2,20,200,done,25.133,908564d5-c335-4d5b-970d-cac818087deb,200,104,0.0,001111000111000001001111001001100011000100101100011111000001000111011101001011100001,,100.0,Key generated,0.0,,False,http://localhost:8003,False,,,,,,,2026-05-23T20:43:53.280098
32,16,eve,sequential,,,alice-2,bob-2,20,200,aborted,1.615,b7ff3239-3074-4a03-82e8-62da669d16f8,200,0,0.15789473684210525,,QBER_TOO_HIGH,0.0,Session aborted,0.0,eve-1,False,http://localhost:8003,True,True,200,0.515,0.25,True,,2026-05-23T20:44:00.419094
33,17,clean,sequential,,,alice-2,bob-2,10,512,done,64.798,ba85d880-3d2c-4f3a-93ae-1e15870141ec,512,258,0.0,010000000101110000010100001101111010011010100110001110100100101111011110111100001110100101000011001010100100010010110101011001011101000100001111101111110011001000101010100111011011001011100001100010111001000,,100.0,Key generated,0.0,,False,http://localhost:8003,False,,,,,,,2026-05-23T20:45:09.321933
34,17,eve,sequential,,,alice-2,bob-2,10,512,aborted,3.367,2b13efb7-8a82-404a-8c08-c4249684b9c1,512,0,0.2708333333333333,,QBER_TOO_HIGH,0.0,Session aborted,0.0,eve-1,False,http://localhost:8003,True,True,512,0.5469,0.25,True,,2026-05-23T20:45:18.483262
35,18,clean,sequential,,,alice-2,bob-2,20,512,done,65.14,6dfdeb82-6581-454e-a005-41a2e3f3cf23,512,256,0.0,0101101000011011011011011001011100100011011100101101010110011001101000100011010110111100100110101101010000111100111011100100101100001011000010001000100001000001111011100100110000100100011010100101010110101,,100.0,Key generated,0.0,,False,http://localhost:8003,False,,,,,,,2026-05-23T20:46:29.399721
36,18,eve,sequential,,,alice-2,bob-2,20,512,aborted,2.797,67adf9d5-1a56-4d83-9d9a-ea06d82a849d,512,0,0.3,,QBER_TOO_HIGH,0.0,Session aborted,0.0,eve-1,False,http://localhost:8003,True,True,512,0.5117,0.25,True,,2026-05-23T20:46:38.564203
37,19,clean,sequential,,,alice-2,bob-2,10,1024,done,130.924,80632803-f0cd-4cb1-8e7a-696656721327,1024,531,0.0,00110110111110101110010101001010011111110001011000010001101110000110011101101111100010000010011101110101110100101110110101101011001000110111111111111011010010111001010101011000010010100000000010111000100000000101010000100011010110010100001001011100011011100100001011001011010100010010001001110110111010000011011000100010001000100100101000001100011011000011001000010011011100110010111111100111000101011001000001010111110111101,,100.0,Key generated,0.0,,False,http://localhost:8003,False,,,,,,,2026-05-23T20:48:54.301308
38,19,eve,sequential,,,alice-2,bob-2,10,1024,aborted,5.371,f4f085b9-859a-4e55-8f2b-c23b19255313,1024,0,0.23529411764705882,,QBER_TOO_HIGH,0.0,Session aborted,0.0,eve-1,False,http://localhost:8003,True,True,1024,0.4893,0.25,True,,2026-05-23T20:49:05.520563
39,20,clean,sequential,,,alice-2,bob-2,20,1024,done,131.588,4aee1316-0e49-4319-81f7-79bec9155718,1024,523,0.0,01100010001001011100000111110100111000100110001000000010110011000100111100100010011000111101101000111111111111010001001110011111111100010001010001100000010001001111101101100110100000010000100101010000011100011001111110011011000110011101101111010000100001010001100111111110001101111011101101101100010100101101001100001100001111010011011010000110101111010000001100111101101110010000101110010010000001010101001101110010010,,100.0,Key generated,0.0,,False,http://localhost:8003,False,,,,,,,2026-05-23T20:51:23.191147
40,20,eve,sequential,,,alice-2,bob-2,20,1024,aborted,4.305,ec500396-3a3a-4c1a-8798-dd66e4cb1492,1024,0,0.26851851851851855,,QBER_TOO_HIGH,0.0,Session aborted,0.0,eve-1,False,http://localhost:8003,True,True,1024,0.5107,0.25,True,,2026-05-23T20:51:34.497768
41,21,clean,sequential,,,alice-3,bob-3,10,64,done,9.165,ab429b40-08fb-4af1-ae23-39d188b7e981,64,32,0.0,11100000000100010101100001,,100.0,Key generated,0.0,,False,http://localhost:8003,False,,,,,,,2026-05-23T20:51:48.782069
42,21,eve,sequential,,,alice-3,bob-3,10,64,aborted,1.561,64da5868-3907-47d4-a659-b83fba9bec8c,64,0,0.16666666666666666,,QBER_TOO_HIGH,0.0,Session aborted,0.0,eve-1,False,http://localhost:8003,True,True,64,0.5781,0.25,True,,2026-05-23T20:51:55.950090
43,22,clean,sequential,,,alice-3,bob-3,20,64,done,8.813,7f258100-1f56-4954-936d-d67515e85a8d,64,30,0.0,000101111001000101100001,,100.0,Key generated,0.0,,False,http://localhost:8003,False,,,,,,,2026-05-23T20:52:10.204619
44,22,eve,sequential,,,alice-3,bob-3,20,64,aborted,1.61,02a0a759-b8e8-404b-a5c1-381ddf36c5c8,64,0,0.5,,QBER_TOO_HIGH,0.0,Session aborted,0.0,eve-1,False,http://localhost:8003,True,True,64,0.4844,0.25,True,,2026-05-23T20:52:17.343815
45,23,clean,sequential,,,alice-3,bob-3,10,128,done,17.365,386f0763-fe48-49b8-b210-c2c154e1201a,128,57,0.0,0001110110100111010011001111111010010010001010,,100.0,Key generated,0.0,,False,http://localhost:8003,False,,,,,,,2026-05-23T20:52:39.731815
46,23,eve,sequential,,,alice-3,bob-3,10,128,done,1.692,ee8224bc-b18a-4445-b785-d48905f9be8a,128,62,0.0,01111101010011011000100000011111110000000111011011,,100.0,Key generated,0.0,eve-1,False,http://localhost:8003,True,True,128,0.5078,0.25,False,,2026-05-23T20:52:46.866953
47,24,clean,sequential,,,alice-3,bob-3,20,128,done,16.697,3fba262a-1e0f-4db8-b260-7433341b9eef,128,54,0.0,01101010010101100111110001100101101010000001,,100.0,Key generated,0.0,,False,http://localhost:8003,False,,,,,,,2026-05-23T20:53:09.157051
48,24,eve,sequential,,,alice-3,bob-3,20,128,aborted,1.635,2615b354-ee2f-41b7-94fb-e1cdbcd8db03,128,0,0.4,,QBER_TOO_HIGH,0.0,Session aborted,0.0,eve-1,False,http://localhost:8003,True,True,128,0.4922,0.25,True,,2026-05-23T20:53:16.308409
49,25,clean,sequential,,,alice-3,bob-3,10,200,done,26.581,7d8bdb73-2d2f-475e-bf85-0ada5db2ae74,200,100,0.0,00111010111010010111011110110111011100101011101010110001010000100100110110111100,,100.0,Key generated,0.0,,False,http://localhost:8003,False,,,,,,,2026-05-23T20:53:48.790076
50,25,eve,sequential,,,alice-3,bob-3,10,200,aborted,1.755,82e14a7b-57a4-4163-9b6d-87bd95cf0097,200,0,0.3333333333333333,,QBER_TOO_HIGH,0.0,Session aborted,0.0,eve-1,False,http://localhost:8003,True,True,200,0.505,0.25,True,,2026-05-23T20:53:55.970729
51,26,clean,sequential,,,alice-3,bob-3,20,200,done,27.064,05e01db0-d73c-4383-99a7-c7901224b235,200,96,0.0,00110101010101111001011101000110010110001011001101011110101100111011001010000,,100.0,Key generated,0.0,,False,http://localhost:8003,False,,,,,,,2026-05-23T20:54:28.400175
52,26,eve,sequential,,,alice-3,bob-3,20,200,aborted,1.576,627dc29d-a919-4b7e-a695-80989ffabb0c,200,0,0.2608695652173913,,QBER_TOO_HIGH,0.0,Session aborted,0.0,eve-1,False,http://localhost:8003,True,True,200,0.515,0.25,True,,2026-05-23T20:54:35.530731
53,27,clean,sequential,,,alice-3,bob-3,10,512,done,65.08,33a17054-ce6f-48dd-a7a0-13be438fe244,512,258,0.0,101101001011111001111110000011100110100011101010011000110011000110010000101001001010001110001001010101011010110000001101000000011111110001101000101010111111011010000110110110110100111000101100011011000100000,,100.0,Key generated,0.0,,False,http://localhost:8003,False,,,,,,,2026-05-23T20:55:46.482564
54,27,eve,sequential,,,alice-3,bob-3,10,512,aborted,3.27,09df3c8c-0c03-4b60-9646-866b4a84f0e8,512,0,0.2641509433962264,,QBER_TOO_HIGH,0.0,Session aborted,0.0,eve-1,False,http://localhost:8003,True,True,512,0.5078,0.25,True,,2026-05-23T20:55:55.663073
55,28,clean,sequential,,,alice-3,bob-3,20,512,done,66.25,4a9b8b09-adbd-4f20-bd6d-d2b023d275ac,512,254,0.0,010110000000110001010111110001010100000111000000101111001101100111011011010010111111101101100100011011111111010110000000100100110000110011111111111100110011110010011010001101000001111011011101101101110101,,100.0,Key generated,0.0,,False,http://localhost:8003,False,,,,,,,2026-05-23T20:57:06.588977
56,28,eve,sequential,,,alice-3,bob-3,20,512,aborted,2.954,a620184e-4025-4f17-b049-33dfa19d35b4,512,0,0.2708333333333333,,QBER_TOO_HIGH,0.0,Session aborted,0.0,eve-1,False,http://localhost:8003,True,True,512,0.4629,0.25,True,,2026-05-23T20:57:15.742038
57,29,clean,sequential,,,alice-3,bob-3,10,1024,done,130.25,85569031-00c9-48cd-b394-8b120b8fe7ba,1024,493,0.0,11100110100101100010001101111110000100000100011110101011000001011111001011011100110001101101010001011110110001001111010010000100010010101001010101100011011111000111100110110011010111010100110110101100010111100110000100100001111101001010110000101010111111101110100101111111000000010011101011010001100101010010011110101111000101110011011100000100001101010101011100001111010001100011011101111000010,,100.0,Key generated,0.0,,False,http://localhost:8003,False,,,,,,,2026-05-23T20:59:31.467224
58,29,eve,sequential,,,alice-3,bob-3,10,1024,aborted,4.914,47af4690-b322-49ae-9d3b-ff36a1ca4f6a,1024,0,0.2621359223300971,,QBER_TOO_HIGH,0.0,Session aborted,0.0,eve-1,False,http://localhost:8003,True,True,1024,0.4805,0.25,True,,2026-05-23T20:59:42.677022
59,30,clean,sequential,,,alice-3,bob-3,20,1024,done,132.938,0dbf23f4-ae4c-41a0-85fb-95c602d3b8b3,1024,513,0.0,010111101101001111110001011010101010101111010100101101100011111000001110110010111111111111100000100110100010100100000111100001101011011000111100010100011010000101101110111011100110111011110001101110101110110111011100110111001101110100000101010111001111001111011001000011010010110010110011010011000010010000111010000010001011110100001011001101100100111000011101001010011010101010010011000101011110011101111001001,,100.0,Key generated,0.0,,False,http://localhost:8003,False,,,,,,,2026-05-23T21:02:00.493962
60,30,eve,sequential,,,alice-3,bob-3,20,1024,aborted,6.533,e4db18b9-5267-4924-81ef-b1a699b84f1e,1024,0,0.20588235294117646,,QBER_TOO_HIGH,0.0,Session aborted,0.0,eve-1,False,http://localhost:8003,True,True,1024,0.4932,0.25,True,,2026-05-23T21:02:13.737332
,,clean,concurrent,1,clean,alice-2,bob-2,10,64,done,6.866,bed5d3e5-e656-46c2-a09a-c79d1f19e8fb,64,29,0.0,101110011001011001001111,,100.0,Key generated,0.0,,False,http://localhost:8013,False,,,,,,24.543,2026-05-23T21:02:42.282848
,,clean,concurrent,1,clean,alice-1,bob-1,10,64,done,18.184,89694720-8297-4c04-a026-515bbc743aa4,64,28,0.0,10000100010001110110110,,100.0,Key generated,0.0,,False,http://localhost:8023,False,,,,,,24.543,2026-05-23T21:02:42.283040
,,clean,concurrent,1,clean,alice-3,bob-3,10,64,done,22.718,776789fb-7012-46b9-84a1-16f7f4997ba0,64,34,0.0,1101101001110110001001110101,,100.0,Key generated,0.0,,False,http://localhost:8003,False,,,,,,24.543,2026-05-23T21:02:42.283175
,,eve,concurrent,2,eve,alice-3,bob-3,10,64,aborted,2.026,561448d3-e21d-47d6-9360-7d16252bbb63,64,0,0.25,,QBER_TOO_HIGH,0.0,Session aborted,0.0,eve-1,False,http://localhost:8003,True,True,64,0.5156,0.25,True,2.235,2026-05-23T21:02:47.604891
,,eve,concurrent,2,eve,alice-1,bob-1,10,64,done,1.87,330e5b40-6f96-4fa4-b4f9-55e5f0520b0f,64,32,0.0,00110101000100010001110100,,100.0,Key generated,0.0,eve-1,False,http://localhost:8013,True,True,64,0.5,0.25,False,2.235,2026-05-23T21:02:48.628607
,,eve,concurrent,2,eve,alice-2,bob-2,10,64,aborted,1.893,af87e0ce-2770-4960-842f-685772046f1d,64,0,0.5714285714285714,,QBER_TOO_HIGH,0.0,Session aborted,0.0,eve-1,False,http://localhost:8023,True,True,64,0.4844,0.25,True,2.235,2026-05-23T21:02:49.650906
,,clean,concurrent,3,clean,alice-1,bob-1,20,64,done,5.591,27d37e05-0d77-4503-9445-a1dae9476d58,64,29,0.0,101001000111010000011010,,100.0,Key generated,0.0,,False,http://localhost:8013,False,,,,,,16.332,2026-05-23T21:03:08.043482
,,clean,concurrent,3,clean,alice-3,bob-3,20,64,done,7.122,54e72f19-f935-4672-bc01-626537572d4a,64,29,0.0,011011001000000011101000,,100.0,Key generated,0.0,,False,http://localhost:8023,False,,,,,,16.332,2026-05-23T21:03:08.043876
,,clean,concurrent,3,clean,alice-2,bob-2,20,64,done,14.635,7472c12b-486d-4d89-97f8-d301396334c0,64,31,0.0,1011001010111110110110000,,100.0,Key generated,0.0,,False,http://localhost:8003,False,,,,,,16.332,2026-05-23T21:03:08.044013
,,eve,concurrent,4,eve,alice-3,bob-3,20,64,aborted,2.002,d6854373-5ce9-4119-b4c7-10ae6cb513fa,64,0,0.3333333333333333,,QBER_TOO_HIGH,0.0,Session aborted,0.0,eve-1,False,http://localhost:8013,True,True,64,0.5625,0.25,True,4.187,2026-05-23T21:03:15.341984
,,eve,concurrent,4,eve,alice-1,bob-1,20,64,aborted,2.019,e85052c7-0ddd-4d80-bfb9-0bcd77173d81,64,0,0.3333333333333333,,QBER_TOO_HIGH,0.0,Session aborted,0.0,eve-1,False,http://localhost:8023,True,True,64,0.5469,0.25,True,4.187,2026-05-23T21:03:16.369811
,,eve,concurrent,4,eve,alice-2,bob-2,20,64,aborted,2.175,f54bc4b5-d1a4-4867-8556-2a8be37b13c1,64,0,0.6666666666666666,,QBER_TOO_HIGH,0.0,Session aborted,0.0,eve-1,False,http://localhost:8003,True,True,64,0.4844,0.25,True,4.187,2026-05-23T21:03:17.385936
,,clean,concurrent,5,clean,alice-1,bob-1,10,128,done,14.67,7b7be24b-2b8d-46bb-8cc5-12977d7235cb,128,73,0.0,10111011111110100110100010101010001101001100100100110001001,,100.0,Key generated,0.0,,False,http://localhost:8013,False,,,,,,30.642,2026-05-23T21:03:50.090605
,,clean,concurrent,5,clean,alice-3,bob-3,10,128,done,14.568,8f67d55a-ad09-44de-8048-3abd37a0687c,128,66,0.0,10000000000100100010101111100101100110011111111000010,,100.0,Key generated,0.0,,False,http://localhost:8023,False,,,,,,30.642,2026-05-23T21:03:50.090835
,,clean,concurrent,5,clean,alice-2,bob-2,10,128,done,29.631,31e1ab61-6b85-4a19-8101-f412e56da34f,128,57,0.0,1111011000000111000100001011001101101010011101,,100.0,Key generated,0.0,,False,http://localhost:8003,False,,,,,,30.642,2026-05-23T21:03:50.090998
,,eve,concurrent,6,eve,alice-3,bob-3,10,128,aborted,2.051,6bf426fd-bb7f-4778-8bd8-38d71803eafd,128,0,0.16666666666666666,,QBER_TOO_HIGH,0.0,Session aborted,0.0,eve-1,False,http://localhost:8003,True,True,128,0.5156,0.25,True,2.32,2026-05-23T21:03:55.502570
,,eve,concurrent,6,eve,alice-2,bob-2,10,128,aborted,1.954,34b2aba8-ca32-475a-b2dc-745b4c181dad,128,0,0.18181818181818182,,QBER_TOO_HIGH,0.0,Session aborted,0.0,eve-1,False,http://localhost:8013,True,True,128,0.5078,0.25,True,2.32,2026-05-23T21:03:56.527820
,,eve,concurrent,6,eve,alice-1,bob-1,10,128,aborted,1.868,3e8ea06e-5ba9-4169-9b52-b9f447227cb4,128,0,0.25,,QBER_TOO_HIGH,0.0,Session aborted,0.0,eve-1,False,http://localhost:8023,True,True,128,0.4844,0.25,True,2.32,2026-05-23T21:03:57.551997
,,clean,concurrent,7,clean,alice-3,bob-3,20,128,done,9.749,d1a9bcf8-6bdb-4c2f-875f-be3f12fd3739,128,68,0.0,0011000110011101010010100111100110110110110101000001000,,100.0,Key generated,0.0,,False,http://localhost:8013,False,,,,,,30.539,2026-05-23T21:04:30.159303
,,clean,concurrent,7,clean,alice-1,bob-1,20,128,done,13.743,445c58cf-2e2b-4427-bb01-ee496a16423c,128,61,0.0,1101101011001101111101001001111001010000010100011,,100.0,Key generated,0.0,,False,http://localhost:8023,False,,,,,,30.539,2026-05-23T21:04:30.159506
,,clean,concurrent,7,clean,alice-2,bob-2,20,128,done,28.948,3ffa4db3-3ee2-4613-a1dc-4c5e661fab17,128,70,0.0,01011100010011011101111001000010100000111101101010100100,,100.0,Key generated,0.0,,False,http://localhost:8003,False,,,,,,30.539,2026-05-23T21:04:30.159615
,,eve,concurrent,8,eve,alice-1,bob-1,20,128,aborted,2.006,500e86fa-9e13-41d4-a77e-f11408fd8cfb,128,0,0.25,,QBER_TOO_HIGH,0.0,Session aborted,0.0,eve-1,False,http://localhost:8003,True,True,128,0.5234,0.25,True,2.212,2026-05-23T21:04:35.457529
,,eve,concurrent,8,eve,alice-2,bob-2,20,128,aborted,1.901,bef8b64e-eb4a-4878-bf98-d2819595b847,128,0,0.25,,QBER_TOO_HIGH,0.0,Session aborted,0.0,eve-1,False,http://localhost:8013,True,True,128,0.5234,0.25,True,2.212,2026-05-23T21:04:36.483736
,,eve,concurrent,8,eve,alice-3,bob-3,20,128,done,1.823,30db9058-cfe3-41f8-a9ac-c931b5abfdc3,128,78,0.06666666666666667,010000011110101111101100011111001111000111110111111011100010010,,100.0,Key generated,0.0,eve-1,False,http://localhost:8023,True,True,128,0.5391,0.25,False,2.212,2026-05-23T21:04:37.508606
,,clean,concurrent,9,clean,alice-3,bob-3,10,200,done,13.295,1dc2dfaa-0ebd-4e6f-9f42-169a5faf39fe,200,113,0.0,1011101100100011111010110001111100111100110101101000100001010011101000000010110110101000100,,100.0,Key generated,0.0,,False,http://localhost:8013,False,,,,,,40.659,2026-05-23T21:05:20.228385
,,clean,concurrent,9,clean,alice-2,bob-2,10,200,done,13.989,095a54b8-a5ae-4986-9e05-b97965e95650,200,99,0.0,01011101111010011111001010001010000101100001010011100000101010011010011011100101,,100.0,Key generated,0.0,,False,http://localhost:8023,False,,,,,,40.659,2026-05-23T21:05:20.228540
,,clean,concurrent,9,clean,alice-1,bob-1,10,200,done,40.096,82bdba84-ca89-4e02-b7a1-52aae92e0db1,200,109,0.0,1010100010000010111101100000011100100101111111011010010001011010100101000100110110100010,,100.0,Key generated,0.0,,False,http://localhost:8003,False,,,,,,40.659,2026-05-23T21:05:20.228733
,,eve,concurrent,10,eve,alice-2,bob-2,10,200,aborted,2.514,d024550e-76cb-473f-8ecd-da9c35a7e156,200,0,0.2631578947368421,,QBER_TOO_HIGH,0.0,Session aborted,0.0,eve-1,False,http://localhost:8003,True,True,200,0.545,0.25,True,4.236,2026-05-23T21:05:27.598368
,,eve,concurrent,10,eve,alice-1,bob-1,10,200,aborted,2.34,7423a51e-54a7-4374-9d1c-7312a33f1a7f,200,0,0.38095238095238093,,QBER_TOO_HIGH,0.0,Session aborted,0.0,eve-1,False,http://localhost:8013,True,True,200,0.425,0.25,True,4.236,2026-05-23T21:05:28.627621
,,eve,concurrent,10,eve,alice-3,bob-3,10,200,aborted,2.367,75ddeacb-d986-4429-bf48-39209a7011b6,200,0,0.2,,QBER_TOO_HIGH,0.0,Session aborted,0.0,eve-1,False,http://localhost:8023,True,True,200,0.52,0.25,True,4.236,2026-05-23T21:05:29.656575
,,clean,concurrent,11,clean,alice-3,bob-3,20,200,done,13.406,ec9f5465-62d6-4242-9f95-e70f4bd742ca,200,98,0.0,1101001110100010010100001111101111001010100101001110011110110101111001110101100,,100.0,Key generated,0.0,,False,http://localhost:8013,False,,,,,,40.696,2026-05-23T21:06:12.413319
,,clean,concurrent,11,clean,alice-1,bob-1,20,200,done,13.61,32a7e923-ff7c-41db-9654-80ed1f97a13c,200,91,0.0,0010011110110010000011010010010010100110010100101010111111011000110101000,,100.0,Key generated,0.0,,False,http://localhost:8023,False,,,,,,40.696,2026-05-23T21:06:12.413450
,,clean,concurrent,11,clean,alice-2,bob-2,20,200,done,39.59,e4df4aa1-fa24-4719-a63a-35a3e357f3ae,200,101,0.0,001100101011010001110011100101011110110100100111100011110100111000111110011011100,,100.0,Key generated,0.0,,False,http://localhost:8003,False,,,,,,40.696,2026-05-23T21:06:12.413548
,,eve,concurrent,12,eve,alice-3,bob-3,20,200,aborted,2.091,39556777-69a3-46bb-b768-b887e88f5120,200,0,0.19047619047619047,,QBER_TOO_HIGH,0.0,Session aborted,0.0,eve-1,False,http://localhost:8023,True,True,200,0.515,0.25,True,4.206,2026-05-23T21:06:19.706096
,,eve,concurrent,12,eve,alice-2,bob-2,20,200,aborted,2.291,062428e5-bd41-475a-aa31-d85b7cdc62db,200,0,0.2857142857142857,,QBER_TOO_HIGH,0.0,Session aborted,0.0,eve-1,False,http://localhost:8003,True,True,200,0.555,0.25,True,4.206,2026-05-23T21:06:20.732135
,,eve,concurrent,12,eve,alice-1,bob-1,20,200,aborted,2.188,d80980fa-6a48-4b68-ad5a-1c6c5427c2e5,200,0,0.25,,QBER_TOO_HIGH,0.0,Session aborted,0.0,eve-1,False,http://localhost:8013,True,True,200,0.455,0.25,True,4.206,2026-05-23T21:06:21.759801
,,clean,concurrent,13,clean,alice-1,bob-1,10,512,done,22.984,6ca3f7af-11f7-4a04-a946-5fd2c03bacab,512,248,0.02040816326530612,0010110000000011110101010010000101000001000011000010001111100000100011000111100100000100100100010100000001001000111000000001111110100101011100010001111000100100101101001111100111100101010000010001011,,100.0,Key generated,0.0,,False,http://localhost:8023,False,,,,,,99.703,2026-05-23T21:08:03.526379
,,clean,concurrent,13,clean,alice-2,bob-2,10,512,done,35.598,aa3ed68a-452b-4802-8c2d-25ac394a63a0,512,246,0.0,00111011011101110010000111110101100110110010011110110010011011011010010001111000100100010010000100000110101000010011100111011011101111101101101100010011001001110000000100101111100011111001100100101,,100.0,Key generated,0.0,,False,http://localhost:8013,False,,,,,,99.703,2026-05-23T21:08:03.526559
,,clean,concurrent,13,clean,alice-3,bob-3,10,512,done,99.089,a3237e4b-fb4b-476b-a5d2-3d21d15f99cf,512,256,0.0,0000110101101000011010011010101000001100100111101011100100010100100001000101101101101110001111100010000001111001001011101010100101011101111011111111110111001010100010010011100000110000010111100000110011100,,100.0,Key generated,0.0,,False,http://localhost:8003,False,,,,,,99.703,2026-05-23T21:08:03.526743
,,eve,concurrent,14,eve,alice-2,bob-2,10,512,aborted,5.969,3ad4b56b-ac38-4a8f-865f-3aea5561535f,512,0,0.21739130434782608,,QBER_TOO_HIGH,0.0,Session aborted,0.0,eve-1,False,http://localhost:8003,True,True,512,0.5,0.25,True,6.474,2026-05-23T21:08:13.112204
,,eve,concurrent,14,eve,alice-3,bob-3,10,512,aborted,5.836,7fb2da60-9894-4a83-a602-f0e177e4028b,512,0,0.16981132075471697,,QBER_TOO_HIGH,0.0,Session aborted,0.0,eve-1,False,http://localhost:8013,True,True,512,0.5156,0.25,True,6.474,2026-05-23T21:08:14.143381
,,eve,concurrent,14,eve,alice-1,bob-1,10,512,aborted,5.723,93da0ad5-6d79-4491-a889-55cf06f094ac,512,0,0.24489795918367346,,QBER_TOO_HIGH,0.0,Session aborted,0.0,eve-1,False,http://localhost:8023,True,True,512,0.4766,0.25,True,6.474,2026-05-23T21:08:15.187037
,,clean,concurrent,15,clean,alice-1,bob-1,20,512,done,33.539,59f8fe44-93e7-45b0-81d3-ec3ddf676721,512,251,0.0,010101111010110110011001111011010110100110111101111101110010101011100010000110010001111111011011000101010000100100110110101010111001001100001110100100010110100101010010011001101100100101001101001110100,,100.0,Key generated,0.0,,False,http://localhost:8013,False,,,,,,99.538,2026-05-23T21:09:56.781183
,,clean,concurrent,15,clean,alice-3,bob-3,20,512,done,34.589,f6356eac-475c-4a06-b5f7-4cd37d4cd73d,512,268,0.0,11001000111111100000001101110011001110011100101100111010110101111101111010000110100011011001010000000110000111001011111010110100011001011110011100111111011001001110110111000000010011001110001101111101010100100011111,,100.0,Key generated,0.0,,False,http://localhost:8023,False,,,,,,99.538,2026-05-23T21:09:56.781509
,,clean,concurrent,15,clean,alice-2,bob-2,20,512,done,99.041,f3260b0d-710e-48cd-adbe-69a36808c8bc,512,257,0.0,00100010101011001101001100101100011101000010010000000111100111011001011100011110110111010010111110010010111011110000100110001001100101100010110110001110100101101110001011111010101110100111111001001100111101,,100.0,Key generated,0.0,,False,http://localhost:8003,False,,,,,,99.538,2026-05-23T21:09:56.781704
,,eve,concurrent,16,eve,alice-3,bob-3,20,512,aborted,5.156,3fd0d2c4-42a3-487d-9997-c744488ae33f,512,0,0.20754716981132076,,QBER_TOO_HIGH,0.0,Session aborted,0.0,eve-1,False,http://localhost:8003,True,True,512,0.4824,0.25,True,6.339,2026-05-23T21:10:06.209919
,,eve,concurrent,16,eve,alice-2,bob-2,20,512,aborted,4.999,e0de52e5-5216-44ad-94b6-58657624ecb9,512,0,0.22448979591836735,,QBER_TOO_HIGH,0.0,Session aborted,0.0,eve-1,False,http://localhost:8013,True,True,512,0.5078,0.25,True,6.339,2026-05-23T21:10:07.238615
,,eve,concurrent,16,eve,alice-1,bob-1,20,512,aborted,5.017,a5263171-d709-42c1-a603-7f44578e3146,512,0,0.30612244897959184,,QBER_TOO_HIGH,0.0,Session aborted,0.0,eve-1,False,http://localhost:8023,True,True,512,0.4414,0.25,True,6.339,2026-05-23T21:10:08.278816
,,clean,concurrent,17,clean,alice-3,bob-3,10,1024,done,66.664,ddfb33da-3c5e-488a-89ef-50d484e1f6fe,1024,519,0.0,01000011000101100011000001111110111011111111001001101111101000010111000010000010110100110000001110010111001010101101101101100010111110111000111101111111101111111011011000010110011101010101010001111111010011000001101100011100010001101100010110001011111010000110100010110001001101100011100010100010011000110000111011110110010010001101100001111110110011111100001001110100000010101010011010000101000101000000111001010000,,100.0,Key generated,0.0,,False,http://localhost:8023,False,,,,,,198.97,2026-05-23T21:13:29.306368
,,clean,concurrent,17,clean,alice-2,bob-2,10,1024,done,126.0,0a4dc893-e034-4a71-aa6a-fc9943022bcd,1024,519,0.0,01110010100110010100010011001001100111100001010000000000111010000010110110011011011101001001101001010110010101100110010000110101011001110000010111101001110001011001010011101110100110001100011101101101001010101111001101010100101101000010001011010111100011111101111001011001010010011000001010101111001011010100111001011101010110101001001100111111010010100101110111101011110100011001100101111101011011011111001000001111,,100.0,Key generated,0.0,,False,http://localhost:8013,False,,,,,,198.97,2026-05-23T21:13:29.306541
,,clean,concurrent,17,clean,alice-1,bob-1,10,1024,done,198.058,df7f32b0-41b2-400c-bd09-9d565c116559,1024,510,0.0,000000000101011000111110101000110010010001110101110111010100111101100011001010010011110100010100001101011111101100110111011101010100111010101001001100000101111111010001011010101100001001001110010001100101101110011101101000011000011101111101001111010000000100001001011011100011110100110111100111110100010111010111111111101111111000011101101100011111100101001101101010001100100100100111000111000010010110001111,,100.0,Key generated,0.0,,False,http://localhost:8003,False,,,,,,198.97,2026-05-23T21:13:29.306672
,,eve,concurrent,18,eve,alice-1,bob-1,10,1024,aborted,10.33,25a43b9d-93c2-4d1d-ba20-23061880218c,1024,0,0.25252525252525254,,QBER_TOO_HIGH,0.0,Session aborted,0.0,eve-1,False,http://localhost:8013,True,True,1024,0.5029,0.25,True,12.533,2026-05-23T21:13:44.984053
,,eve,concurrent,18,eve,alice-3,bob-3,10,1024,aborted,10.344,847ad4fc-a993-463f-8fb7-c60aa4120798,1024,0,0.2376237623762376,,QBER_TOO_HIGH,0.0,Session aborted,0.0,eve-1,False,http://localhost:8023,True,True,1024,0.502,0.25,True,12.533,2026-05-23T21:13:46.027211
,,eve,concurrent,18,eve,alice-2,bob-2,10,1024,aborted,10.521,409cebfd-7269-4d31-bd60-48fe15ba6391,1024,0,0.23469387755102042,,QBER_TOO_HIGH,0.0,Session aborted,0.0,eve-1,False,http://localhost:8003,True,True,1024,0.4932,0.25,True,12.533,2026-05-23T21:13:47.079213
,,clean,concurrent,19,clean,alice-2,bob-2,20,1024,done,128.411,a6761f9b-7e23-40a7-8902-77d3180d46ad,1024,468,0.0,011001000011001101011100100110110110111110001100000110111010110111101101101000001101100100101111100010101001001110000010010001000010100100010000101001000011001110111011101110111111110110001111110111001000001100010000010011101010101000000000110101111110011000000101010010101011101111101010001000000100100101011010010010111111111110010110000101010101101100111101101111100110101,,100.0,Key generated,0.0,,False,http://localhost:8023,False,,,,,,263.37,2026-05-23T21:18:12.512316
,,clean,concurrent,19,clean,alice-1,bob-1,20,1024,done,154.04,882a6c40-7b68-43bf-ac98-36b37e2e6adb,1024,525,0.009523809523809525,101000110110010001010000001101111011101001001000101110111100111010000011001101110101011100111110110110000001100110100001011101101110110110111001100000011010110001011100110100010010010011100000000010011000101001010000111100111101100011101011011110100000111101011101110001100011110001000110110111110100110111000000110101010001110001001011011010111010000001110000001100101011000111000011010100001010011000100001100100010000,,100.0,Key generated,0.0,,False,http://localhost:8013,False,,,,,,263.37,2026-05-23T21:18:12.512951
,,clean,concurrent,19,clean,alice-3,bob-3,20,1024,done,261.435,00274e63-4f15-4bd1-af20-ba2e74286989,1024,511,0.0,0101100111000100011010011110100000000000010001000011100011110110101111111100000100110111101011011110100111011001010001001101010001000101011010100011100101011100000111110100000111111101010100000110001101011110110000111100100010000000111001100001100111000000000000001101100110110100010000100100001100100111011111010110000000110001010000001010110001010100100000010111111111000110110100111110100111010011110001001,,100.0,Key generated,0.0,,False,http://localhost:8003,False,,,,,,263.37,2026-05-23T21:18:12.513152
,,eve,concurrent,20,eve,alice-1,bob-1,20,1024,aborted,8.025,c02511c9-3126-4d93-af1c-06d3370d6b77,1024,0,0.22115384615384615,,QBER_TOO_HIGH,0.0,Session aborted,0.0,eve-1,False,http://localhost:8003,True,True,1024,0.5146,0.25,True,8.333,2026-05-23T21:18:24.003794
,,eve,concurrent,20,eve,alice-3,bob-3,20,1024,aborted,7.867,35b1a9c5-10f4-469a-9131-406d12fecbfc,1024,0,0.25252525252525254,,QBER_TOO_HIGH,0.0,Session aborted,0.0,eve-1,False,http://localhost:8013,True,True,1024,0.4951,0.25,True,8.333,2026-05-23T21:18:25.049930
,,eve,concurrent,20,eve,alice-2,bob-2,20,1024,aborted,7.881,d66b368f-87fa-482d-acd7-99a29fe73547,1024,0,0.3235294117647059,,QBER_TOO_HIGH,0.0,Session aborted,0.0,eve-1,False,http://localhost:8023,True,True,1024,0.4912,0.25,True,8.333,2026-05-23T21:18:26.087554
