run_index,alice_label,bob_label,batch_size,n_qubits,status,latency_s,session_id,n_delivered,n_sifted,qber,key_final,error_message,progress_pct,phase_label,loss_rate,interceptor_label,retry_enabled,qkdl_url,intercepted,run_type,timestamp
1,alice-1,bob-1,10,32,done,7.191,50e1b4b4-9192-42dd-a238-22ff918c374a,32,13,0.0,11000100101,,100.0,Key generated,0.0,,False,http://localhost:8003,False,sequential,2026-05-22T14:11:04.177073
2,alice-1,bob-1,10,64,done,13.342,dc340794-22b6-4bec-81ff-e04cfcc44f9e,64,28,0.0,01011101010011101010110,,100.0,Key generated,0.0,,False,http://localhost:8013,False,sequential,2026-05-22T14:11:22.582764
3,alice-1,bob-1,20,64,done,7.727,b37d149f-f4d0-4ea3-802b-ba5201be72ba,64,26,0.0,011001110011101010011,,100.0,Key generated,0.0,,False,http://localhost:8003,False,sequential,2026-05-22T14:11:34.797682
4,alice-1,bob-1,10,128,done,13.607,5bc86127-5c82-4005-80f2-33c2dc0c2a05,128,59,0.09090909090909091,111001100011000110101001100111111100011101110100,,100.0,Key generated,0.0,,False,http://localhost:8013,False,sequential,2026-05-22T14:11:53.089979
5,alice-1,bob-1,20,128,done,9.984,cf387338-9077-4948-801d-2ce3855fe8c2,128,61,0.0,1000000101011111001001111010000011110111111100000,,100.0,Key generated,0.0,,False,http://localhost:8003,False,sequential,2026-05-22T14:12:07.304938
6,alice-1,bob-1,10,200,done,13.758,8cf28066-c236-4248-9542-38916dc911ec,200,93,0.0,110100110100110001111001001000000001011010000011110001001101000111110001110,,100.0,Key generated,0.0,,False,http://localhost:8013,False,sequential,2026-05-22T14:12:25.596678
7,alice-1,bob-1,20,200,done,12.242,a7e54126-700a-437c-981b-30414d996c4f,200,104,0.0,111001100001000101010001110100110111111100011100010001101010011000100000101001000010,,100.0,Key generated,0.0,,False,http://localhost:8003,False,sequential,2026-05-22T14:12:43.874834
8,alice-1,bob-1,10,1024,done,43.022,e55b5b61-6360-4595-b9a4-2c1d1ecb6ec4,1024,525,0.0,000011110000000010000011010001000110001101111111110010110100011001111100100000100001000010010001111010111010111101000100111000001110111101000011101001100000011101011001011011101100001001110100010101001001011000111010100110101000010000001000001100100111010000010110010100100001011110001010111000101100110001100110001100111001101010101000101111110101010000101010100000101111100110101100000000100001101010000110011101101100,,100.0,Key generated,0.0,,False,http://localhost:8003,False,sequential,2026-05-22T14:13:32.612178
9,alice-1,bob-1,20,1024,done,36.65,cbd164b5-d178-4b4a-b62d-0c8174022796,1024,513,0.0,101111111111111000001001101111011001100000010011001110011000000011000011111100001011111111110001100100010011001111011101000001011111011001111010010101100011001011000100010111100111101010111011011010001111101001000100010000010110100101010101111100001000101011001101111001001110011001101110110111000011101011010100010011101100110011111000000001011000100010000011001000010100001110000010110101011111010111011100000,,100.0,Key generated,0.0,,False,http://localhost:8003,False,sequential,2026-05-22T14:14:15.225511
10,alice-1,bob-1,10,2048,done,74.275,68f01e30-83ae-44fc-bec2-3b80a36122d2,2048,1018,0.0,00001111101101111111110100101001110100110111000100100010010000000110100010100101110110100100110111110000011000111010011101001010110100001011111111110100110100010100100101000111011001111100000010001101011011011000110000110110011101101100100101011111001110000000110111101111000000010110101000011100011111100000010110011011001011101010010111100011111001000100001100110110111001001001010000111100100110000000001000010100111101110111100000010101010000100011100001110101100110111100110101001000001100101000010101011100010001000110010111011101011010000010010100110010000000110011000100000000010001101011101000110011011000001000000010000011010110111101001111000101111000010110110000010100000010110100000010100000111000100010111100010100011000001100100011010010010110111111000011111111101010011000011000100001011111110011111,,100.0,Key generated,0.0,,False,http://localhost:8003,False,sequential,2026-05-22T14:15:34.342619
11,alice-1,bob-1,20,2048,done,138.174,1c609d88-40c6-4091-9887-bf8f39901beb,2048,1016,0.0,101100011111110010011111010111001000111001111000010011111110111000010111110100001010101001000110100100001001100010010100101110001001000001100001001101010001001010110000111101110000111001101100101011110010101000111010011100010000111110101101010010010101110101100000100001001101011110010101011000011010100110001100110001001111111000100010100111100101101100011000110110111010001011100100011110010000100001000010111101101111011000111000100111000011111110001000101100010010010100010110111010110000001111010101110000001011000100010110010100101111011111010110011001011110001110110010111110101110111010101000100100100110110000001111100000000110111010001010000010100111011011111100010010011001111101101000010011011110011010111000100000100000111010010000000100100010111010011101101101001111110110011111110100111001111111101,,100.0,Key generated,0.0,,False,http://localhost:8013,False,sequential,2026-05-22T14:17:58.024376
12,alice-1,bob-2,10,32,done,1.938,1e19cc81-3ced-4ead-b373-fb761d512cb8,32,10,0.0,00101000,,100.0,Key generated,0.0,,False,http://localhost:8003,False,sequential,2026-05-22T14:18:04.138251
13,alice-1,bob-2,10,64,done,3.817,09b5b842-237a-42ce-ac17-30863093e588,64,28,0.0,10111010110000110000010,,100.0,Key generated,0.0,,False,http://localhost:8013,False,sequential,2026-05-22T14:18:12.287791
14,alice-1,bob-2,20,64,done,3.392,df7f76b5-b8a6-4ca6-825d-53df40761d30,64,32,0.0,00001110111111110100100110,,100.0,Key generated,0.0,,False,http://localhost:8003,False,sequential,2026-05-22T14:18:20.468763
15,alice-1,bob-2,10,128,done,7.13,c7e172a4-52cb-43c7-adb7-74d7f2b8dafd,128,64,0.0,0101111100000010011011110001101011111011010101011111,,100.0,Key generated,0.0,,False,http://localhost:8013,False,sequential,2026-05-22T14:18:32.650128
16,alice-1,bob-2,20,128,done,6.958,2fdceae1-f67a-4ff1-a990-00dba254ddb2,128,63,0.0,001011101010101101100001010010101110000010010011011,,100.0,Key generated,0.0,,False,http://localhost:8003,False,sequential,2026-05-22T14:18:44.857518
17,alice-1,bob-2,10,200,done,8.516,c12cffb8-679e-4ceb-aef6-394293c1c541,200,105,0.0,110111001101001001010101100010010000011110101010000110101101111101001000011100000110,,100.0,Key generated,0.0,,False,http://localhost:8003,False,sequential,2026-05-22T14:18:59.061400
18,alice-1,bob-2,20,200,done,12.079,d1ef840c-7e42-42cc-a627-b34d745360b3,200,111,0.045454545454545456,11110011011010100011100000001110000100110110110000001111010101100100001110111101010110001,,100.0,Key generated,0.0,,False,http://localhost:8003,False,sequential,2026-05-22T14:19:15.308534
19,alice-1,bob-2,10,1024,done,38.283,391c3111-6e24-4ca8-9aff-8e3844201d8f,1024,508,0.009900990099009901,01010010010100111001001111110111000001000100001010011111001010101001011001001011010110101100010100100100110110100011100010101000101001000010000011001010010111110001011100010000001111100011011011111011101001011000010111110011000100001111011111011111011101110101110011011111011000000001001010101110010001010010001011111101000001011111010100001100111001100110010111110011110011000001001000011101100000110011000,,100.0,Key generated,0.0,,False,http://localhost:8013,False,sequential,2026-05-22T14:19:57.996482
20,alice-1,bob-2,20,1024,done,74.55,81c4a6b2-c7b6-4147-8812-9669e5cb0842,1024,504,0.01,01110101101100001010001001111101101010111101110100001101011110000101111100011001010100101100010111110010000110001110100011011111111010101011100111010110001111110010111101110010110001000111101110010100100010110011111000011011111011110100011000100100110101110001001010010100000111010000101101001111101010110101110001001010010010100010000010000110101110100000111110000110011000100011101101101011110001010101,,100.0,Key generated,0.0,,False,http://localhost:8003,False,sequential,2026-05-22T14:21:17.201258
21,alice-1,bob-2,10,2048,done,73.405,b2b8ebab-5307-4911-8e8e-e1ec6eeb9038,2048,1050,0.004761904761904762,011000100000110111101110000000000111111100101111000001110101001000001000000011000001111001001011101100101101011010111110100100100101100101101001000001011011011111011001000111000111110100101000111111011110101000100011010100000110100100101111100011001001100111111010101110110000110100111110111011111011100000111010011111001000101100001010110001001010101110101100110010010001110101000100101001111101001011111111101101101100000010111011011000001100011010011010101100101011000100011110011001010001101100110110010110010111101000110000100011011011101110101000000001111101100111000011001010000011001100001111110101111101000001000000111111100011100100010000000000110110011100010100001001010101111100010101100011101000101001001111111101011110011011111110011101011101000001000001100001111011010000101111000101000101110101010011111000011110101011010000,,100.0,Key generated,0.0,,False,http://localhost:8013,False,sequential,2026-05-22T14:22:36.343622
22,alice-1,bob-2,20,2048,done,265.589,a3d586ba-8e94-4332-8d74-f1b9fb1fa2e5,2048,1044,0.0,11100000110100111100011100110000000101000000011011100100001010101100000110110001011011101111010010100110001101111010101101111110010010100011000110110111000000101111110010111001001001011100100010001011001110000000100000101010111010100110111100010110010000010011010011101000100100001011101000011111001000110100000011101010000111111101000010010011111010011101001011111000010111001101001000110100011011000000001100001010000001100000001110101011001011111111101011000000101110101101010100111101001010100101010001010001110001001111101110110111111001111101001101111001011111010000000111101100010011101000100110100111011111100000010010111001110000101001000111001001111010100011110100101010010001010110101011000100001011011100011101000111111001010100100001111101111000110110110110010100110011000001100011000010011010010011110100111111010010101111,,100.0,Key generated,0.0,,False,http://localhost:8003,False,sequential,2026-05-22T14:27:06.020091
23,alice-1,bob-3,10,32,done,4.549,52062ee2-047d-4243-91bd-cc58e0b4db8f,32,16,0.0,1010110000001,,100.0,Key generated,0.0,,False,http://localhost:8003,False,sequential,2026-05-22T14:27:16.158378
24,alice-1,bob-3,10,64,done,9.541,d6fa52b8-e32f-4a7c-85a1-5f2728f570f7,64,34,0.0,1011001111101111000011111011,,100.0,Key generated,0.0,,False,http://localhost:8003,False,sequential,2026-05-22T14:27:30.364250
25,alice-1,bob-3,20,64,done,8.528,6beabd23-7616-4a85-a76e-d01b3c9d17ca,64,30,0.0,001111011101001010111101,,100.0,Key generated,0.0,,False,http://localhost:8003,False,sequential,2026-05-22T14:27:44.626322
26,alice-1,bob-3,10,128,done,16.873,544f5a11-0dcc-4a67-9cb8-6b3607b574d4,128,69,0.0,01110101100011100001000000010100100010110001001010001110,,100.0,Key generated,0.0,,False,http://localhost:8003,False,sequential,2026-05-22T14:28:06.957855
27,alice-1,bob-3,20,128,done,17.114,a2b85d27-c4ab-4069-9a8e-59d811c66556,128,66,0.0,00111110011011001111010100001011100011101100011100100,,100.0,Key generated,0.0,,False,http://localhost:8003,False,sequential,2026-05-22T14:28:29.302497
28,alice-1,bob-3,10,200,done,27.64,1cda1947-1e6a-41a5-99af-2d2eac6fd582,200,108,0.0,010010011010111110101011111010111101100011100101010101001101001111011101100011101011111,,100.0,Key generated,0.0,,False,http://localhost:8003,False,sequential,2026-05-22T14:29:01.790647
29,alice-1,bob-3,20,200,done,28.004,24c27af1-9275-4d98-99af-06a2ba45af85,200,101,0.0,011000000100001000010101111001011111110001101110101011010100010111110111111001100,,100.0,Key generated,0.0,,False,http://localhost:8003,False,sequential,2026-05-22T14:29:34.268452
30,alice-1,bob-3,10,1024,done,134.846,654ef84f-128a-4156-8e52-c2bb76a6867f,1024,504,0.0,00010100100111010000100000010111011000001001011001010010101111111101101111100010000000110010010100001101000101110100110111101111100101110010000000010100100101011000000111101100010100010101000001011110010111011010111000101111101000010010011111001100001011101000111110001111110101000000111010011010111000101111101101100000010100010010000110110001101011001000111100110111000111111110100010011111010011110101,,100.0,Key generated,0.0,,False,http://localhost:8003,False,sequential,2026-05-22T14:31:54.445033
31,alice-1,bob-3,20,1024,done,137.916,b8a198b1-7ca7-4010-b8a9-45e01a6bdaf1,1024,538,0.0,01000101100010101100000100000101010111001110111111001101010101001111011111101100000101001111111110010100110101000001010100101110001010111000000111101011000010001100001110010101100111001110110010000101010100011011000101011011110001100001100011111101101101100010101110111011000100100101011100011111011000000111000011010011100011110000101010111110000100010110010111100110111000111110111000101010011111001100011101100001110010001100000,,100.0,Key generated,0.0,,False,http://localhost:8003,False,sequential,2026-05-22T14:34:16.957638
32,alice-1,bob-3,10,2048,done,275.764,55af13e8-fd44-4e29-bd40-209a62393da3,2048,995,0.0,1110001111010010011010011010011010101000000100111001101111100100110010111110100010100111111011110111011001110111110100110100100111111111110001000100101000101010100111111110100000100111001100111100101111001100111101001000100111101010001010000001010001111111001100111111101010000011001010101111100101011011100010101010001011010111001111110111010000101111000100111010011000110001110100101110001010111001000011000011011010011101011011100011100101010001001110000010100111000011100101100000100011001001110010111101000001011001101010011101011011101010100111111111000111100110111111101100000111101101100110110010001111111111110101100010011001101010011110001011011110101111011010011101001010010110110010010101011010000010101001001111000101010110010011111001010101111001101001010010000011110010010000001111,,100.0,Key generated,0.0,,False,http://localhost:8003,False,sequential,2026-05-22T14:38:57.888909
33,alice-1,bob-3,20,2048,done,278.656,e74d818b-7d97-47c1-a738-187f9f1367a2,2048,1034,0.0,000100100110010011000111001101001001011100000000100000000100100010100110011111100011101101000100111011001000111101010100001000110100011100100001101000101111010011000110101011101010101101111100001101011010110110011111010101011011110001100110110111100100000000000100011111010100111001000111011010111101110101011010111111101101010110010000111100001011100110100011110100011010100000100010010011111100000101001010001101100101110011101101111101011001001101111111010111011111010111000111111111000000000101111001001000011011100111100111111111111101011101101011100010101011111100000111101010011011010111010101010110001110101101111110101101100010101000001010001101011010100011011100110110111100011110011000110110101111011111010000101100010010010001100010100000110110011111101010010001101001000011101001100011111110011110001100011010000011,,100.0,Key generated,0.0,,False,http://localhost:8003,False,sequential,2026-05-22T14:43:41.154685
34,alice-2,bob-1,10,32,done,5.288,9484c290-0d36-4f37-a9f2-75d8e7890e73,32,20,0.0,1110110110100100,,100.0,Key generated,0.0,,False,http://localhost:8003,False,sequential,2026-05-22T14:43:51.505388
35,alice-2,bob-1,10,64,done,10.602,d4dd0388-0a32-443a-9a88-d689ba2a816c,64,28,0.0,10101100000110011100001,,100.0,Key generated,0.0,,False,http://localhost:8003,False,sequential,2026-05-22T14:44:07.783076
36,alice-2,bob-1,20,64,done,9.39,954645b2-32ff-42ce-bf3a-f8649b73dbf9,64,30,0.0,000010010110011101111000,,100.0,Key generated,0.0,,False,http://localhost:8003,False,sequential,2026-05-22T14:44:22.041103
37,alice-2,bob-1,10,128,done,18.036,0f8f4822-fc32-4df7-9963-4ea02b60cd6b,128,65,0.0,1010111010010000100000011100001100111010101001011001,,100.0,Key generated,0.0,,False,http://localhost:8003,False,sequential,2026-05-22T14:44:44.444039
38,alice-2,bob-1,20,128,done,20.151,8faf9d5c-ee6c-40d0-b868-fa1945b53784,128,70,0.0,01110101010111101110100001100011100100000100100101011001,,100.0,Key generated,0.0,,False,http://localhost:8003,False,sequential,2026-05-22T14:45:09.889050
39,alice-2,bob-1,10,200,done,29.815,d52d6dde-4107-4826-af54-7901f9581bef,200,108,0.0,000101101111010001111011001111101100001111101001011001110100000001010111011010100100010,,100.0,Key generated,0.0,,False,http://localhost:8003,False,sequential,2026-05-22T14:45:44.686035
40,alice-2,bob-1,20,200,done,29.676,cc92f322-7508-489c-8ec1-4228d81a463a,200,111,0.0,10111101111001110111010011001100110110010100011110110101010010110111110000011111110001000,,100.0,Key generated,0.0,,False,http://localhost:8003,False,sequential,2026-05-22T14:46:19.518915
41,alice-2,bob-1,10,1024,done,148.854,789f2b99-88ac-4131-92f6-ac9fa38888e6,1024,494,0.0,010010011010011010011011101100011010000010001101000000011011000110100110010001111111010100110111110100111111011000111000110111011110101110100011011001001101101011000011000010110011101000000111000110110101001111111100110100110101100110101110101110110101101001101010100010111010111110000101110011001000111111101010010000111110111001000101110101111000011001110110111110010010100111110000110001110110,,100.0,Key generated,0.0,,False,http://localhost:8003,False,sequential,2026-05-22T14:48:53.067709
42,alice-2,bob-1,20,1024,done,144.802,94b633a4-6bde-4af4-8306-0a78f3173127,1024,507,0.0,1000100000011101110101001111101000111011010100010101110101101110101010111000100111010011011010000010100011101100001100001001111001001110001111111101111100100101001111110001001101101100011001000110000101001010110011010111101000101110101011000111111111110100010101101101110000101000000000001111101001011110100011001000100110110110010100111110101010011110111101011110001100011101100010010110011001001110101010,,100.0,Key generated,0.0,,False,http://localhost:8003,False,sequential,2026-05-22T14:51:22.267983
43,alice-2,bob-1,10,2048,done,293.357,f6b83250-0d94-48da-aad0-58573e5151a6,2048,1041,0.0,11010000010101001101010100101001111011100010011001011011100110100011010011011001101110001001111011011010111000101001100010010000111111110010010001011100110010101101100010101010011100111011000110111000000001010101000111100110010010100001010100100000001101011111100101101000110001010001011110001011001101000110100100101010111000000011001110011001000110011111110001011011001100010101011110110010110100110011010011010010011010101110000000010001100101010110010101111000001110111101111101000101001010100010111110011100001011000010010010111110001111001011000100001101000001011110010010011101011111000111000110011001100111001111101000111101110010100001100001100001001010110001010110101011001111100011010100100001000100100001011010000111000101000000001011011000111111010011100010111011001110110111111000110001011110010101000100111010000101011,,100.0,Key generated,0.0,,False,http://localhost:8003,False,sequential,2026-05-22T14:56:21.251435
44,alice-2,bob-1,20,2048,done,296.274,9b479524-0485-4070-a9bf-d4fde2fa8612,2048,982,0.0,111110011101011000011100101011011011110111010111000110000000111110001011011111011001101100011010100100100001011000111010001111010110001001011110000010011110010011011111111010111001010101101000110111101111100110100110001010110100100011100110010111111001111101111101010011011100100000000110110100011000110101000110110100100101100111000111100111100101101010101101110011011000100100101011001111100111010110010110000001000111000001001001011001000110110000010101100001110001010111101001000011010011111011110100000111110010100100110110101100111101111110001010101110111011011101000011101100011110010001101101001110011011001111100001000011000000110000101111101001010011001100101001101011100010011011111010010101000101111010100100001100100111101001110111100101011100001111111010000111011011111110,,100.0,Key generated,0.0,,False,http://localhost:8003,False,sequential,2026-05-22T15:01:22.285892
45,alice-2,bob-2,10,32,done,5.664,7121c6f7-262b-41d7-be79-4872dfdccc21,32,18,0.0,010010110011110,,100.0,Key generated,0.0,,False,http://localhost:8003,False,sequential,2026-05-22T15:01:32.561168
46,alice-2,bob-2,10,64,done,10.317,fb4bff06-198f-4463-a56a-4742eeaeefd4,64,30,0.0,010011100100011100101011,,100.0,Key generated,0.0,,False,http://localhost:8003,False,sequential,2026-05-22T15:01:46.988544
47,alice-2,bob-2,20,64,done,10.191,2f097b2c-5844-43df-80a2-83c8035957b3,64,31,0.0,1110101110000110100111000,,100.0,Key generated,0.0,,False,http://localhost:8003,False,sequential,2026-05-22T15:02:01.382606
48,alice-2,bob-2,10,128,done,19.44,34df42a4-306b-434f-bb6c-cbc909dbf83f,128,59,0.0,101001110010011111010001011010111100011010000111,,100.0,Key generated,0.0,,False,http://localhost:8003,False,sequential,2026-05-22T15:02:26.067212
49,alice-2,bob-2,20,128,done,20.818,f9b38fb5-5445-46f5-9c17-5e3c28828e4e,128,61,0.0,0111011011011101001110011110000001001000100001011,,100.0,Key generated,0.0,,False,http://localhost:8003,False,sequential,2026-05-22T15:02:52.680726
50,alice-2,bob-2,10,200,done,29.822,40842349-a344-4978-99ab-7c6dfe7de805,200,113,0.0,0111101001001001100001001111101111010111010100100101010000010111110001011011001101111110110,,100.0,Key generated,0.0,,False,http://localhost:8003,False,sequential,2026-05-22T15:03:27.612009
51,alice-2,bob-2,20,200,done,29.55,c87b07ca-ed9b-408b-803c-73ce457c11e0,200,102,0.0,1011110111101001001011011110101110001101001100111101010011010100011111100010011000,,100.0,Key generated,0.0,,False,http://localhost:8003,False,sequential,2026-05-22T15:04:02.345077
52,alice-2,bob-2,10,1024,done,139.49,97d7a453-e7fa-4ecb-b72d-08a71f5a5650,1024,503,0.0,0010111101001000110110101011010110010101101101011100101110101001001111111010100100011010100011001111101111011110101111100011101011101001010011010011001100111111100100011011100010000101010100011110101000111010101001101111110101100110111010010101111001010001010100001111010001010011000010110111011000011001100011100110100110110110101000111010110111111011100111110001110101101111101001011001110011001010100,,100.0,Key generated,0.0,,False,http://localhost:8003,False,sequential,2026-05-22T15:06:27.059271
53,alice-2,bob-2,20,1024,done,136.056,3f48a595-7976-4b32-ae79-cfa454d10b13,1024,501,0.0,01111110101011010001110101001000001000010111111111110110101101101100101000110010110110000010101111100011000101000100010100100000101111000010010100011100011100110110001000110000001111101100100000000111010100101001110001101000111110100010111101000111100100011010001101111011110000100010110011011110001101100100100010011001110101101001101110011110001110011101110001111111110010100011101100010100101000000,,100.0,Key generated,0.0,,False,http://localhost:8003,False,sequential,2026-05-22T15:08:47.277465
54,alice-2,bob-2,10,2048,done,266.055,e640144d-ff59-47cc-830d-d5678f774694,2048,1043,0.0,1010011001001011100100011011110010001010101100101111011101101100101010100011110011110010110101001111001001100000011100001011000000101111110010011111101100001100001000000110010101100110011011101000001010010011010100000101000110100111011000011110111000100001000101111011001101000000110001110010110010111010100011011000111010110000110001101101001000000111101110011110001100100010000011000110001110110111101010101010110011111011011000111001101100101111101010010100100010011011110111000111011001000110110110001010011111011011001000001000001001001001111011001110111101001111110011110010101110001100010101100010011101000010110111001001010011010100000000100000001011001111000111111101111100101111101100110001000000110001100111001101110110111001101001010110111010010011001110011100000011100101101001101000110011011001001110110001111110000001101,,100.0,Key generated,0.0,,False,http://localhost:8003,False,sequential,2026-05-22T15:13:19.045429
55,alice-2,bob-2,20,2048,done,268.126,ef13ba52-1277-44da-9fe1-39c5814b4f34,2048,1021,0.0,0011100000110111010000100110111000101000110100110100111100111010100100100100100100110000011001001001110010101010111110110111000000101101000101101101100010101100111101001100010000011010000101010010001000101011100010110101010000010010000101001101111001111110000001011011101010111111101110001101110111100010001100010011000000101101010111111110010111001100111001100000000110000001001111001111011101101000110100110000010101100100011001100100011110001101101000101010010001011000001100010000101001111010111111100110011100111110111010001000101111001011011110111111001100000110000111110000000110000111001000000100001111011110101100010010111110111011101011111011000011011001000000011100101111001011001001011010110001101111111100001110000011001000111101111111011011100111110001010011100110001011110000011101011011010101001000100,,100.0,Key generated,0.0,,False,http://localhost:8003,False,sequential,2026-05-22T15:17:52.933759
56,alice-2,bob-3,10,32,done,5.633,b2683faa-6096-492c-8cda-19f1917a38aa,32,21,0.0,00110010011100001,,100.0,Key generated,0.0,,False,http://localhost:8003,False,sequential,2026-05-22T15:18:03.129082
57,alice-2,bob-3,10,64,done,8.706,a5d53da4-9c13-45c5-887c-61147ca7bd9a,64,36,0.0,10010111111011010111010011000,,100.0,Key generated,0.0,,False,http://localhost:8003,False,sequential,2026-05-22T15:18:17.328249
58,alice-2,bob-3,20,64,done,8.727,ffca459a-665f-4e8d-b23f-3488e00b7fc9,64,30,0.0,000100011001101111010110,,100.0,Key generated,0.0,,False,http://localhost:8003,False,sequential,2026-05-22T15:18:31.518859
59,alice-2,bob-3,10,128,done,17.204,5bc98bc7-475d-4411-815e-5b812c3df4af,128,60,0.0,100101010100101000001100011010000001111010001110,,100.0,Key generated,0.0,,False,http://localhost:8003,False,sequential,2026-05-22T15:18:53.843842
60,alice-2,bob-3,20,128,done,16.763,61369014-8cbe-4e60-ad5f-bf4cd3af1d33,128,62,0.0,11111010111010011001101001100011100100000101111010,,100.0,Key generated,0.0,,False,http://localhost:8003,False,sequential,2026-05-22T15:19:16.207703
61,alice-2,bob-3,10,200,done,26.947,26dbf10d-3791-4458-8540-caf775b3f6a7,200,97,0.0,101110111100111101000101001111011110001000000011000010101100001110110001011011,,100.0,Key generated,0.0,,False,http://localhost:8003,False,sequential,2026-05-22T15:19:48.651233
62,alice-2,bob-3,20,200,done,26.2,6f3681c5-afaa-4804-94e2-49aa1dab55c3,200,92,0.0,00011111110001101010010000011001111010001001011100101111110011100000101001,,100.0,Key generated,0.0,,False,http://localhost:8003,False,sequential,2026-05-22T15:20:19.027312
63,alice-2,bob-3,10,1024,done,135.8,6089cabc-3204-4bff-82f3-f35036f0c358,1024,514,0.0,1010111001110110011101000100101110010101100111110110001100110100011110011001110100110001101100101101000101001011011010110111111010100010100100011011110011001010101011001000110010110100010110111100010100010110010111011111111100100110110100010001111110110001101001111110001011100001001110001111010101101110111000101011000000011010000010101011001001111010010110101110001001111100110111100111010011101010011111011110,,100.0,Key generated,0.0,,False,http://localhost:8003,False,sequential,2026-05-22T15:22:39.190708
64,alice-2,bob-3,20,1024,done,136.037,abeb0537-17c9-473d-98ac-3c09c4d5cc75,1024,509,0.0,110000100010100101010000101110110101010101000011101110111001000110001000010001010001111100111001101011110101010111111010101001101010100110110101110000000100110010100111101011000100100100000101110100100101111011011100100001100101010011110101110101011111100110000101011011000111100100001010001011111000100110110001101111110011010101110001101110101010110000100100110100000011111010101001101000000110111000110110,,100.0,Key generated,0.0,,False,http://localhost:8003,False,sequential,2026-05-22T15:24:59.415463
65,alice-2,bob-3,10,2048,done,268.073,1021b4a5-c31c-4731-bf45-e53f7f305be9,2048,1024,0.0,0111110001110101100100010111000101111010010011111010011000000011000000010111101100011110010101001101001000011000001111101110000100001100011000101110100111011000011011111110101110000110111011110100010000101011011011111111011000101010001100000110110100100100101100111000111010011011001011101011110001101101100000011110000101110000101110011100111011011011000001100000101010010101110110011001001101100110000101110011111001011001000101000101111111100100110011010011110010010011101011011001110001100001011111010110111100000111110101111110111100000010010010111001101001111101001111011110010100011100111001011010001110011010001110111011001001001000111110011001011100010101001010011101001001000010101101101001110011011110001101110001100100101111001110000011010110110100101110110010001100111000110011100011011001110101111100101001,,100.0,Key generated,0.0,,False,http://localhost:8003,False,sequential,2026-05-22T15:29:33.302322
66,alice-2,bob-3,20,2048,done,270.105,c6c1ed9a-dd34-4d27-8385-d7981adb9293,2048,1000,0.0,10111111001000000101010110111100111011110010111110101100001100111000001100011110011100000100011011100110001111110100001111000010100110100001010000001110100000101010100100011111001010011110011100101000000101010000111000001110101001001001010010110101011001001110101010100110011001110010111000010100000101110011100001001010110000100111000110011000010001000101000111000010100000011111111000111110010110110110100000001000100000101110000001001011001010101110110001111111100101000011000011100001111101110000000110011111101101001011000010100000100110111111000001001100110100111000001100011101111011111110110010110101101110101111000011010001001001001010100100010101010101101000001001100010111110100111101110010000100011110100010001010010011011100110101100010101010000110010110101110001101101011011110110000110,,100.0,Key generated,0.0,,False,http://localhost:8003,False,sequential,2026-05-22T15:34:09.366283
67,alice-3,bob-1,10,32,done,5.737,f05750a6-69fa-4fce-9bb2-a0e05df0c5ca,32,11,0.0,100101101,,100.0,Key generated,0.0,,False,http://localhost:8003,False,sequential,2026-05-22T15:34:19.609564
68,alice-3,bob-1,10,64,done,8.675,ff2bdc46-a50a-4ba4-86c8-eef9de729726,64,35,0.0,0001100111000111101011001101,,100.0,Key generated,0.0,,False,http://localhost:8003,False,sequential,2026-05-22T15:34:33.802721
69,alice-3,bob-1,20,64,done,9.751,5118b080-2c25-4e63-a39b-e0ca68129cc3,64,32,0.0,00100110111001110101011110,,100.0,Key generated,0.0,,False,http://localhost:8003,False,sequential,2026-05-22T15:34:47.987434
70,alice-3,bob-1,10,128,done,17.079,917e99d5-b4e8-464b-b542-a5f271626481,128,56,0.0,010001100001000000001101010011000110110100110,,100.0,Key generated,0.0,,False,http://localhost:8003,False,sequential,2026-05-22T15:35:10.367563
71,alice-3,bob-1,20,128,done,16.777,5377ee42-89ea-446b-85af-70c454d7e587,128,61,0.0,1011010001101101001010111111111010111000010011100,,100.0,Key generated,0.0,,False,http://localhost:8003,False,sequential,2026-05-22T15:35:32.652316
72,alice-3,bob-1,10,200,done,27.289,3a6a0f2b-7dfa-4fca-95e7-cffa656100cf,200,106,0.0,0111001000111010011100001000000001111000111010000110001110101000111100000111111001110,,100.0,Key generated,0.0,,False,http://localhost:8003,False,sequential,2026-05-22T15:36:05.072735
73,alice-3,bob-1,20,200,done,27.415,7e872cef-f9c1-4340-9965-c34eb66d4beb,200,100,0.0,10110100011100000110110111001001100000111001011010010010100100001000110101010011,,100.0,Key generated,0.0,,False,http://localhost:8003,False,sequential,2026-05-22T15:36:37.584561
74,alice-3,bob-1,10,1024,done,134.905,1bc0a84d-84ac-486e-a9ae-588c84aff54c,1024,506,0.0,100101101111001000010000010100100011010001101101010101010100001101010011001101000110001111011100010010101110001100001000100101000000110010111110110001110000110001110001011010001100100111111010010111110101000110010110110100110000011001000111100001000011000111101011110110110101001100010101011011101011100111111011101101010110001010011101111001011110000111111000110101111011001111011001100100100101001100011,,100.0,Key generated,0.0,,False,http://localhost:8003,False,sequential,2026-05-22T15:38:57.505632
75,alice-3,bob-1,20,1024,done,135.669,736dbdcd-1573-4565-967b-ad43b4ed1e66,1024,513,0.0,010001100011111001101011110111111100011100100101010010000111110001111010011100101011110001000111101101111010111011011001101100110101000001101111100011011000101100111100011101001100101011100100001011111111011001010101100000001011001000111011010010100110000010011000111010110000100000010000110100000100110010110010101000101101111011011011111011000010111100111011001001100101111000001110110000011011001100101011100,,100.0,Key generated,0.0,,False,http://localhost:8003,False,sequential,2026-05-22T15:41:17.619355
76,alice-3,bob-1,10,2048,done,268.829,2c9b5624-7a93-4e40-bfaf-94434c622a66,2048,1006,0.0,0110001111001101101010110110111111110001011000111011101010011011101101001011000101011101001111010110111110010011100101100111111010011100111000101111111010000010111010011001110110000010110100010110110001001100100101011001000110101101100111111001100000001111101001011110100001011000010011010101111011011011011110111111110010000100001110010111110010010001001011100011010010000101110110101010111000100110010101101000011100001000111111110001111011000111110111010101110100101101110111111100111011010001111100011101010101111001100010110100100101010101010110001101110110111000111011101101111111100001011001001100111010010111111011000100000001111011110011101000111000110111100100010110010001111101100001100110101100011000000010110010101011101000110110011110110011000111111101101110001010110000100011001100011011111,,100.0,Key generated,0.0,,False,http://localhost:8003,False,sequential,2026-05-22T15:45:51.705517
77,alice-3,bob-1,20,2048,done,270.79,d8bdbc1f-7ca5-409b-9ad9-69b31ecd7ff4,2048,1065,0.0,011010110100111000010010001000011000011001010110100110010110010100111111101100010000011100011100010111010101000000011110111000111101100111111101100100111010111001111100000011010100111111010101001101000111110000011111111001011101100001010000111000011001000011111011011010101100000101010000100110100010001001111011101000010001111100111100111101011010001000101100011010011010111011001111001111011100100101000000001010111110111001000010000110010000000111110111111000100000011101111000000110101101110111100011100000101110001101111011100011010010010111010111101011100100010010010010101010111100101100110100010111101011110111111001000001100101100100110001111010111010000010000010000010101000101100100110101110010111000101111010100110101101010001110011000000000001111010101001010000001000010001010101010001010110001101100010100011111101011011001010111010101010,,100.0,Key generated,0.0,,False,http://localhost:8003,False,sequential,2026-05-22T15:50:27.852426
78,alice-3,bob-2,10,32,done,5.75,6fbeeb53-7f4c-4fe0-a5db-2730227772a7,32,17,0.0,11101011010010,,100.0,Key generated,0.0,,False,http://localhost:8003,False,sequential,2026-05-22T15:50:38.012950
79,alice-3,bob-2,10,64,done,9.812,e3c3ffbe-abbd-4a03-b349-7c18287d420a,64,35,0.0,0010010101110101111101101100,,100.0,Key generated,0.0,,False,http://localhost:8003,False,sequential,2026-05-22T15:50:52.206628
80,alice-3,bob-2,20,64,done,8.88,61098282-8b1f-4675-95ad-7551e7b14f92,64,33,0.0,000011001110101010101111010,,100.0,Key generated,0.0,,False,http://localhost:8003,False,sequential,2026-05-22T15:51:06.483630
81,alice-3,bob-2,10,128,done,17.029,3c6b5373-c4c1-412d-b105-ecf2fb1c0449,128,62,0.0,10111010100011101100010011011011001100001111011000,,100.0,Key generated,0.0,,False,http://localhost:8003,False,sequential,2026-05-22T15:51:28.803394
82,alice-3,bob-2,20,128,done,17.959,ebab2444-b6fd-4a9b-932d-507d9b81f11a,128,63,0.0,101100111000000101101011001010000000001000000010001,,100.0,Key generated,0.0,,False,http://localhost:8003,False,sequential,2026-05-22T15:51:51.107375
83,alice-3,bob-2,10,200,done,26.718,37f7e587-8f56-4457-a883-412602f57758,200,121,0.0,0010010000001000000001100000101011100110010010101000010100001010000111110001011010111110101111101,,100.0,Key generated,0.0,,False,http://localhost:8003,False,sequential,2026-05-22T15:52:23.683538
84,alice-3,bob-2,20,200,done,26.863,49f30677-0e5e-451a-8270-2d2e13439bbf,200,103,0.0,10010111010011010100010100001100100011011100000011100011110001111110010011010111101,,100.0,Key generated,0.0,,False,http://localhost:8003,False,sequential,2026-05-22T15:52:56.154612
85,alice-3,bob-2,10,1024,done,135.699,008105e4-b77d-4015-aff1-8c6f0d145304,1024,511,0.0,0000001100101000100001111010111010111001111100100101101100100111000110110111111100101000111000011110000110000110001110010000111010110000000010011100110111011100010000001011000010110010010110111100001001100111010011100100000000111101000010011011010010010100010101111010111110111100101000100011100101011101100110010010110010110000001111100000000101100111010010001101110000001111001110110111110111011101100011111,,100.0,Key generated,0.0,,False,http://localhost:8003,False,sequential,2026-05-22T15:55:16.351762
86,alice-3,bob-2,20,1024,done,136.991,b8e310b2-2a6d-41c7-8f6d-bfe6c2672257,1024,516,0.0,10101000010001000100111100110101000110001110101111010010101011001100010111101000111010010000110111001101010111101110000110011100010001001110011011100010011001100100010001011100000101100010001111101001110010101110110010110001101001011000100000101111010111011010101111010011000001101001101010011001000111101101001000100000100101110110000010100111010011001100001101110101100000111101010001010110011111000110001101011,,100.0,Key generated,0.0,,False,http://localhost:8003,False,sequential,2026-05-22T15:57:38.538059
87,alice-3,bob-2,10,2048,done,271.676,b72489c4-91f7-4f6e-8dff-2d84a6318960,2048,1018,0.0,00010101110110001100110001001011001101001100000100010111111010001101101110101111110111100111100110000110001110101110111010001001001101001110111101011001001000011101011011111111100101101010111000110001010011010111001100000010111001110110100001111100101111011001000110100101101011011001100000101001110110100111001000001101110000010011100100001101000011110010000100101001011111010101101010001010111010111001110101101001111011100011010011000100010010101100110010000010010100100111001100101101101001010110011000100101110111010111111001011100100000101111010000101011100011101101001010000001011111010110110011000100001010110111000101110111111001101111100011010000111010101100110000011110111100011111110110111110110101100010010011010110010001101001100101100011100011010001000000011110001100011100101101001101110111001011011,,100.0,Key generated,0.0,,False,http://localhost:8003,False,sequential,2026-05-22T16:02:14.738979
88,alice-3,bob-2,20,2048,done,268.645,ddf94ece-753b-4130-b8b9-c8c98e75345f,2048,990,0.0,011110011100110111111001001110010111110100100011001111100111011100100011111101100010000101011011110001111101010101111101100000000010110101101001111110001100010111111100101011100110010110000000111010001000000100100110100011110011100000010111011111110110011010001110111000011000000010110100000010101100111010100111001010001111110000001101100100111001000001000111111011010110110010110010001111000001011010011100001100111000110100000000000010100011000010101000100001101101110100010000111011011010001011000001011100111010110011111110010111011110101110100011101100010111010110001111011110011001011010011011111000101101101001001000010010011011100110101000110001111010100000010011001110011110000111001100101001010100111001011101001110110010111111110010011010111100111000100001000001111000101100101000,,100.0,Key generated,0.0,,False,http://localhost:8003,False,sequential,2026-05-22T16:06:48.701785
89,alice-3,bob-3,10,32,done,4.81,92b4ff0d-a262-4efe-b2f5-a512cb990f11,32,17,0.0,01010110100010,,100.0,Key generated,0.0,,False,http://localhost:8003,False,sequential,2026-05-22T16:06:58.851059
90,alice-3,bob-3,10,64,done,9.959,f7aa6c3a-a627-45c0-bff7-2e9f02bd9daf,64,31,0.0,0010101100001101101100101,,100.0,Key generated,0.0,,False,http://localhost:8003,False,sequential,2026-05-22T16:07:13.053944
91,alice-3,bob-3,20,64,done,9.939,8107c211-f4bb-4cc6-ba57-8cfd45c5c1a7,64,32,0.0,11111000000000100011000111,,100.0,Key generated,0.0,,False,http://localhost:8003,False,sequential,2026-05-22T16:07:27.250334
92,alice-3,bob-3,10,128,done,17.418,443cb839-df06-4ace-abab-37529d2823dd,128,71,0.0,011011111101000010000000101111010001101111110011111010111,,100.0,Key generated,0.0,,False,http://localhost:8003,False,sequential,2026-05-22T16:07:49.578405
93,alice-3,bob-3,20,128,done,17.33,93b0751b-5fb6-4e09-91b8-f98b24061eb1,128,64,0.0,1101011010001010001110110110001110110111110011000011,,100.0,Key generated,0.0,,False,http://localhost:8003,False,sequential,2026-05-22T16:08:11.940632
94,alice-3,bob-3,10,200,done,26.958,9dc442d0-6dc2-490a-9868-8365d041864a,200,88,0.0,11001000100001011100000111001101101110001111000111011000010000110100001,,100.0,Key generated,0.0,,False,http://localhost:8003,False,sequential,2026-05-22T16:08:44.403683
95,alice-3,bob-3,20,200,done,26.064,b475ce18-b22f-4c3b-b885-1e6bc695770b,200,86,0.0,001001011011100001001101011000101111101000000101011111011010100001000,,100.0,Key generated,0.0,,False,http://localhost:8003,False,sequential,2026-05-22T16:09:14.777023
96,alice-3,bob-3,10,1024,done,138.116,c01d5a08-f2ea-43f7-a25f-1678d027f316,1024,503,0.0,0110100001000100011000111010010100101101001111111101001111101011001100011001001010010010111100010000001101111100111001101111100110101110110010001110001001111100011100011111001111010110010101100000000000110000001011111111101011101110100111111111111110011011001011010100110011110011000110000010001101000000000110101101111110101011100101110001001010110011110011011011111101001000100110110001101110011011000,,100.0,Key generated,0.0,,False,http://localhost:8003,False,sequential,2026-05-22T16:11:36.995277
97,alice-3,bob-3,20,1024,done,137.703,81e671cd-d4a6-41c1-9ae0-9f849344fb8a,1024,496,0.0,0010010101010100110000101110101101111100001100110011010100100010010011000011100011110111101111010110011000111001011111110010101011101011100101000011111110101010101101110001100000100011011110001101101000110010101110110110001011111011011100100010001001100100010010101010011111111110001110011000010000100111100001110110010010110100100000110110001000100000000011010011001000111001110110100101000000001,,100.0,Key generated,0.0,,False,http://localhost:8003,False,sequential,2026-05-22T16:13:59.178545
98,alice-3,bob-3,10,2048,done,272.558,89851bdb-33de-4125-b75e-7796c64ba1ec,2048,1059,0.0,11111110101001100000100001010101000010111100000010011011000010011111100011011110001011000000011100011110010111111010011110111010110100100101001001011000001110000100101010111010010010100101111001011010000001001000000000110110010001001100101101011100010010001110110100100010000111000000010001011111000110100011001010010011110010000110000010101111101011000011101100001110011011101011111001001110111001100001101001100101100100001011001100100110011110001100110000110010010101010001000001110100000110111000001111001000101111100001101101001111110101101001111000111000000100001100110010001110111010000111101000110101011101000110011100111101000011110101011100001010010000010100011111111001000100001011010000010100001111001000000001110101111111001010101010011111010001000010111010111110111101001110101010010100111011000101110101101110000101110011011100101011,,100.0,Key generated,0.0,,False,http://localhost:8003,False,sequential,2026-05-22T16:18:37.417876
99,alice-3,bob-3,20,2048,done,271.076,0df02781-415d-4b65-90db-fb114f2c490e,2048,1046,0.0,110111101011101111000110111010101110111010100001100001010010110011101011011101010011101100011110001010101010001111101100000110111111100110011100111011101110111000110001010101001101100000001100110100011010110011010011011100010010001010100010111101010100011100001101000010111010111010001100100111111011001100001000111011110100001110111100011111001010111100010101110001001101100001010100010010001101000111001111000111111010010111000101101110101010001100111001010010001110111101111110101010000011101111100100101000110110001100101011101001110101000100110010101001010100110000001111100100000100101011011001000001010001011000100111000010110110001001100100100110111100010100110001001001101001000101011010100110000011001011011010111101110101110101010001010010010100010011111111101011110000010100011001001000001111111010100011111011011111100011000,,100.0,Key generated,0.0,,False,http://localhost:8003,False,sequential,2026-05-22T16:23:13.510802
1,alice-1,bob-1,10,32,done,7.342,f9288d56-eb1e-47b1-96ed-387b8c9a3541,32,17,0.0,00100111010100,,100.0,Key generated,0.0,,False,http://localhost:8003,False,sequential,2026-05-24T14:43:17.154679
2,alice-1,bob-1,10,64,done,13.337,117ef247-7398-4311-9ddd-02b9df72ce9e,64,33,0.0,001011001000010111110110101,,100.0,Key generated,0.0,,False,http://localhost:8003,False,sequential,2026-05-24T14:43:33.600477
3,alice-1,bob-1,20,64,http_409,,,,,,,"{""error"":""KME rejected session"",""detail"":{""detail"":""All QKDL instances are busy. Pool: ['http://localhost:8003']""}}",,,0.0,,False,,False,sequential,2026-05-24T14:43:35.737723
4,alice-1,bob-1,10,128,done,14.484,a848a422-8005-4790-9dc9-e6a94f55dd54,128,52,0.0,111110001011100010011000011111000100111001,,100.0,Key generated,0.0,,False,http://localhost:8003,False,sequential,2026-05-24T14:43:56.182298
5,alice-1,bob-1,20,128,http_409,,,,,,,"{""error"":""KME rejected session"",""detail"":{""detail"":""All QKDL instances are busy. Pool: ['http://localhost:8003']""}}",,,0.0,,False,,False,sequential,2026-05-24T14:43:58.232740
6,alice-1,bob-1,10,200,done,14.745,9b9c9ec3-fe38-41ee-8cf5-39952522a325,200,104,0.0,001011010001110011001111110110011110110011000101100101010111110011011001011100011000,,100.0,Key generated,0.0,,False,http://localhost:8003,False,sequential,2026-05-24T14:44:18.538173
7,alice-1,bob-1,20,200,done,15.24,660cb00a-c649-4b0e-8526-16aa7e1dcce0,200,92,0.0,00100001001110111000000100110100101001111111001010010100100010100011001101,,100.0,Key generated,0.0,,False,http://localhost:8003,False,sequential,2026-05-24T14:44:36.935304
8,alice-1,bob-1,10,1024,http_409,,,,,,,"{""error"":""KME rejected session"",""detail"":{""detail"":""All QKDL instances are busy. Pool: ['http://localhost:8003']""}}",,,0.0,,False,,False,sequential,2026-05-24T14:44:38.990524
1,alice-1,bob-1,10,32,done,7.112,b6bd4c25-1083-4b3f-a10d-8078daa1998e,32,18,0.0,011000110010111,,100.0,Key generated,0.0,,False,http://localhost:8003,False,sequential,2026-05-24T14:46:24.265585
2,alice-1,bob-1,10,64,done,13.394,93e6cae3-890c-4adc-9f99-6ccdb52419b9,64,33,0.0,110011101000100001101010111,,100.0,Key generated,0.0,,False,http://localhost:8003,False,sequential,2026-05-24T14:46:40.578319
3,alice-1,bob-1,20,64,http_409,,,,,,,"{""error"":""KME rejected session"",""detail"":{""detail"":""All QKDL instances are busy. Pool: ['http://localhost:8003']""}}",,,0.0,,False,,False,sequential,2026-05-24T14:46:42.651337
1,alice-1,bob-1,10,32,done,3.578,eb6d9070-4c7c-4f81-a47c-69214ce1f8a9,32,17,0.0,01001011010011,,100.0,Key generated,0.0,,False,http://localhost:8003,False,sequential,2026-05-24T14:47:30.306999
2,alice-1,bob-1,10,64,http_409,,,,,,,"{""error"":""KME rejected session"",""detail"":{""detail"":""All QKDL instances are busy. Pool: ['http://localhost:8003']""}}",,,0.0,,False,,False,sequential,2026-05-24T14:47:34.347143
1,alice-1,bob-1,10,32,done,2.068,6b4e1d76-ef25-470a-852c-8da54c1044f8,32,17,0.0,01100100000100,,100.0,Key generated,0.0,,False,http://localhost:8003,False,sequential,2026-05-24T14:47:47.537186
2,alice-1,bob-1,10,64,http_409,,,,,,,"{""error"":""KME rejected session"",""detail"":{""detail"":""All QKDL instances are busy. Pool: ['http://localhost:8003']""}}",,,0.0,,False,,False,sequential,2026-05-24T14:47:51.574222
1,alice-1,bob-1,10,32,done,7.045,e582f67e-6351-4bf5-a8f1-5b1e3b1133e5,32,11,0.0,011010111,,100.0,Key generated,0.0,,False,http://localhost:8003,False,sequential,2026-05-24T14:50:23.661343
2,alice-1,bob-1,10,64,done,13.214,0d7f1543-3b4f-4b32-878a-17e493f1e9c2,64,27,0.0,1010100011111001101000,,100.0,Key generated,0.0,,False,http://localhost:8003,False,sequential,2026-05-24T14:50:40.052684
3,alice-1,bob-1,20,64,http_409,,,,,,,"{""error"":""KME rejected session"",""detail"":{""detail"":""All QKDL instances are busy. Pool: ['http://localhost:8003']""}}",,,0.0,,False,,False,sequential,2026-05-24T14:50:42.109414
4,alice-1,bob-1,10,128,done,13.463,f023146a-abd0-47b3-9064-dd9a52d6cfe9,128,64,0.0,0110101001011011110011000001110111100010100110000110,,100.0,Key generated,0.0,,False,http://localhost:8003,False,sequential,2026-05-24T14:51:00.443745
5,alice-1,bob-1,20,128,http_409,,,,,,,"{""error"":""KME rejected session"",""detail"":{""detail"":""All QKDL instances are busy. Pool: ['http://localhost:8003']""}}",,,0.0,,False,,False,sequential,2026-05-24T14:51:02.500220
6,alice-1,bob-1,10,200,done,14.687,0a6886c6-37ef-4c12-8020-2848f95036aa,200,100,0.0,01110000110001001100111010100100101100000001000010111001111101101001100011110100,,100.0,Key generated,0.0,,False,http://localhost:8003,False,sequential,2026-05-24T14:51:22.852551
7,alice-1,bob-1,20,200,http_409,,,,,,,"{""error"":""KME rejected session"",""detail"":{""detail"":""All QKDL instances are busy. Pool: ['http://localhost:8003']""}}",,,0.0,,False,,False,sequential,2026-05-24T14:51:24.904865
1,alice-1,bob-1,10,32,done,1.784,f989522e-4d1b-4805-a2c5-998f5984199e,32,17,0.0,01000111111111,,100.0,Key generated,0.0,,False,http://localhost:8003,False,sequential,2026-05-24T15:03:35.920966
2,alice-1,bob-1,10,64,http_409,,,,,,,"{""error"":""KME rejected session"",""detail"":{""detail"":""All QKDL instances are busy. Pool: ['http://localhost:8003']""}}",,,0.0,,False,,False,sequential,2026-05-24T15:03:39.956665
1,alice-1,bob-1,10,32,done,7.659,b8b30ca0-a4fc-4a4d-9b73-899aa4ed9f8a,32,15,0.0,001100111110,,100.0,Key generated,0.0,,False,http://localhost:8003,False,sequential,2026-05-24T15:04:29.986607
2,alice-1,bob-1,10,64,done,13.097,f152fdc6-ad1f-4444-ab1d-9d45f78ab2c4,64,35,0.0,0001000100111100100011010010,,100.0,Key generated,0.0,,False,http://localhost:8003,False,sequential,2026-05-24T15:04:48.247738
3,alice-1,bob-1,20,64,done,6.712,1e442175-e70e-4660-b90e-36403dfbd6f2,64,33,0.0,100100011010101000100000111,,100.0,Key generated,0.0,,False,http://localhost:8003,False,sequential,2026-05-24T15:05:00.461070
4,alice-1,bob-1,10,128,done,9.336,cabe6171-4b1b-4ae5-ac7c-3f5fc068d5c9,128,63,0.0,110000000010100001101000100110010001111001010001101,,100.0,Key generated,0.0,,False,http://localhost:8003,False,sequential,2026-05-24T15:05:14.750450
5,alice-1,bob-1,20,128,http_409,,,,,,,"{""error"":""KME rejected session"",""detail"":{""detail"":""All QKDL instances are busy. Pool: ['http://localhost:8003']""}}",,,0.0,,False,,False,sequential,2026-05-24T15:05:18.775637
6,alice-1,bob-1,10,200,done,11.386,bd0c1d53-72c1-435f-a8e6-dc5e9f1342b3,200,85,0.0,10000100111000111010001001000001101101001110101011100110101000111100,,100.0,Key generated,0.0,,False,http://localhost:8003,False,sequential,2026-05-24T15:05:35.006885
7,alice-1,bob-1,20,200,http_409,,,,,,,"{""error"":""KME rejected session"",""detail"":{""detail"":""All QKDL instances are busy. Pool: ['http://localhost:8003']""}}",,,0.0,,False,,False,sequential,2026-05-24T15:05:39.033225
8,alice-1,bob-1,10,1024,done,42.346,844fa8f9-6a29-4e2f-a95b-b7609ed8c334,1024,496,0.0,1011001111000111001111101001100100000010011111101100110111010110110011000001001000010000100100010010011101010001100001100110111010010001111001100111001100100011001010101011101101011010000100011001001001101101101011110010111010110010101001111001001101111011110011101111100001000000001110100001101000001010111010010010011111011010010001000111000110001111101001111111101011110110000011000010111000000,,100.0,Key generated,0.0,,False,http://localhost:8003,False,sequential,2026-05-24T15:06:25.708532
9,alice-1,bob-1,20,1024,http_409,,,,,,,"{""error"":""KME rejected session"",""detail"":{""detail"":""All QKDL instances are busy. Pool: ['http://localhost:8003']""}}",,,0.0,,False,,False,sequential,2026-05-24T15:06:29.743796
10,alice-1,bob-1,10,2048,done,73.596,fe430610-cc56-4723-9ffb-bb245391c95f,2048,1047,0.0,1111101100011000111110100111011011100010100110111000000110101111101010001001110001011011101000101100001111001001100111010001101000010111101100011111111111111011010101110011001110100011111011110100100010100100100100010110000100000111000101111011010010111011010010100010000111010110000010101110011101101000001101101011011111100101000000001001000110011110110011101101110111101101000100110110001110001011110010011001111001011110000111000111011110010000110100001000000100100011011000101001101000011100011111011011011011001110011111101111101111000110011101101000110001011000100101010101010111011010010110011000010101100011100011010110101010011110010011101111001111010110011101010000000110110110101111000110010111100010000001111000111001001001011100111001111101000110010100110101000011100010011001100010011011001101110100000110101011001111001110,,100.0,Key generated,0.0,,False,http://localhost:8003,False,sequential,2026-05-24T15:07:49.261174
11,alice-1,bob-1,20,2048,done,74.405,e24ebd62-189f-4584-abb3-a1482299392b,2048,1033,0.0,00010111011101111100010101111100011101000011110001110111010110011110011010101010010110110100000101110111010111011011100100001010101110110111111000010110100010001111101111110110110110000001000101100100100101101111101101011010110000011010000010010001100001110100000011100010011010010110101001011000111100101011010100010100000110001110011011110100100001000111111011000000110010001100011111000010110111010110001111111010111000111001101001100001001110110011001001101010010011111001000100100010110110111100010111000011000101100111111100010110000010101000111110111110010110011010011111110110101110010101101010001101110000111011011001110111010000100111010110110011111011101101101110010100111101110100011100000111001110000011010110100100001110001100001110100111010011110011010000101001001101100101100101101101100101011111111100010000100,,100.0,Key generated,0.0,,False,http://localhost:8003,False,sequential,2026-05-24T15:09:08.817695
12,alice-1,bob-2,10,32,done,2.799,3d0c64f7-a062-49ca-afd7-0a6b2a275fd6,32,15,0.0,000000101001,,100.0,Key generated,0.0,,False,http://localhost:8003,False,sequential,2026-05-24T15:09:17.013715
13,alice-1,bob-2,10,64,done,2.996,2123c682-1bad-490d-b6e2-9be2d945f089,64,37,0.0,010010011001110010001011011111,,100.0,Key generated,0.0,,False,http://localhost:8003,False,sequential,2026-05-24T15:09:25.143998
14,alice-1,bob-2,20,64,done,4.399,68652959-f2b3-415d-b211-49a840c4520e,64,30,0.0,100111010000110110001110,,100.0,Key generated,0.0,,False,http://localhost:8003,False,sequential,2026-05-24T15:09:35.318996
15,alice-1,bob-2,10,128,done,7.674,480738f7-1c4e-43e8-87cb-e056702b5444,128,73,0.0,00110000000001110010100100011011001011010001011000100000010,,100.0,Key generated,0.0,,False,http://localhost:8003,False,sequential,2026-05-24T15:09:47.528044
16,alice-1,bob-2,20,128,done,6.555,2179d9a9-7952-4ca2-b4d9-ee48bb0b9228,128,67,0.0,010110001011011001110111111101100110000011110100011110,,100.0,Key generated,0.0,,False,http://localhost:8003,False,sequential,2026-05-24T15:09:59.704488
17,alice-1,bob-2,10,200,done,13.542,1314919a-cdee-434d-b1bc-f290b311d314,200,101,0.05,110100101110011111111010001010011011000110001101101110100001101010000010101010000,,100.0,Key generated,0.0,,False,http://localhost:8003,False,sequential,2026-05-24T15:10:18.050388
18,alice-1,bob-2,20,200,done,13.486,59edacb1-050d-441c-8e31-7cda3a57d80a,200,91,0.0,1010111001000001001111001100001001001010110011010101101110011101100111101,,100.0,Key generated,0.0,,False,http://localhost:8003,False,sequential,2026-05-24T15:10:36.407046
19,alice-1,bob-2,10,1024,http_409,,,,,,,"{""error"":""KME rejected session"",""detail"":{""detail"":""All QKDL instances are busy. Pool: ['http://localhost:8003']""}}",,,0.0,,False,,False,sequential,2026-05-24T15:10:40.439031
20,alice-1,bob-2,20,1024,done,128.84,fd5c250d-eb94-4961-a0d2-42cdc23b3de3,1024,529,0.0,1110100100010000010111001011011000010011101000101101110101011110011001010000010001101010111001110011110110111010010000001000010101100011010101010001001011010110011000011011111011011110111101100001110000011001110100100100001110110110101111111100010111001010011111001000010101001111010111101110000001000111001001111001101101010101001011100011100111100100100111101111010101000011001100000100001101000010111111010111000100101011,,100.0,Key generated,0.0,,False,http://localhost:8003,False,sequential,2026-05-24T15:12:54.262144
21,alice-1,bob-2,10,2048,done,257.362,a5aa70ec-9b34-4869-afc0-faa7946a6801,2048,994,0.0,0101011001100000100100111111111011110000110011101000011011010100110000001011111100011000000000001001001100100001001001100001010110011111111000001110001010000001110111110110011011110001011110101101000101100110111100011011111000100101111001000001101010100010001111101100101010001010000000111110010100100101110001011100010011010000101010010010101101010010110111100110101110011010111100001110101000001111001000000100111100011001010011001101101100000010000100110011010011001010001110111111010001001110011101011010111110001100111011010001000010001011111000001001100100100000011111111000111000001001010010010110011110010111011101110010010100010001100001011111110010110111010100011011000101011111111101101100110101000101100110100001011000010110100010001110101100110001100111111111100000010001101010110011,,100.0,Key generated,0.0,,False,http://localhost:8003,False,sequential,2026-05-24T15:17:16.027229
22,alice-1,bob-2,20,2048,done,237.454,d3caa3f3-894f-4379-b9f6-5986f291feee,2048,1039,0.0,1111100111110010000001110110010110000100101001101100000101100100110000101011001001100111111011010001100011111111000110111110100010010110100110101111010010010000110101001110100010111100000001100101001011111000011100001001011000000110100101011010111100001100100110110101111001101001011100011110111101110000000001111100110100011001001000100100101000001001001110000011111101010001001100110010100000111011110110110001010111001000011001001111010011100001001010001011100000001100111001000101011101011110111110000100000001001000001001101000100010001001110101001100010010100111110011101110000100100101001101000111011001001100111110101010101110001011010100010000101101101110001101001110011010111001110111011101111100001010001000001010100000111000100101010001000111110010111100010111011010111111100110000110000001100001001000101000011011101101,,100.0,Key generated,0.0,,False,http://localhost:8003,False,sequential,2026-05-24T15:21:19.498984
23,alice-1,bob-3,10,32,done,5.097,ee9aa822-3d4f-498f-ba92-56e30f4b43aa,32,12,0.0,1010010111,,100.0,Key generated,0.0,,False,http://localhost:8003,False,sequential,2026-05-24T15:21:29.582860
24,alice-1,bob-3,10,64,done,7.735,820b3018-13f0-49bf-b3fb-b5a8b51cdefc,64,30,0.0,010100010010111010111100,,100.0,Key generated,0.0,,False,http://localhost:8003,False,sequential,2026-05-24T15:21:41.671622
25,alice-1,bob-3,20,64,done,8.824,a4e03260-0af6-47b1-a39b-edd4d431aa6f,64,30,0.0,011110011101110101011001,,100.0,Key generated,0.0,,False,http://localhost:8003,False,sequential,2026-05-24T15:21:55.762925
26,alice-1,bob-3,10,128,done,16.222,9f233f2a-9dd6-4541-80f0-4168695f541d,128,71,0.0,010011000001010011011010001100101101010100001100101111111,,100.0,Key generated,0.0,,False,http://localhost:8003,False,sequential,2026-05-24T15:22:17.895934
27,alice-1,bob-3,20,128,done,16.004,11f4e3ba-efd8-4216-a5b7-7c3dd3339f12,128,52,0.0,100000000111101101111000011001101011001111,,100.0,Key generated,0.0,,False,http://localhost:8003,False,sequential,2026-05-24T15:22:38.053865
28,alice-1,bob-3,10,200,done,24.361,17083f83-e98b-4091-a6c4-8c09c0723c06,200,100,0.0,01000100010010110011000010011100100100001110001001010101101011000110111000100001,,100.0,Key generated,0.0,,False,http://localhost:8003,False,sequential,2026-05-24T15:23:08.231953
29,alice-1,bob-3,20,200,done,24.304,69002cc5-4d33-43c3-ac56-a8a1818a70bd,200,111,0.0,00110110110001001101101000100011010001011010010011001100111110001100111000001110001000000,,100.0,Key generated,0.0,,False,http://localhost:8003,False,sequential,2026-05-24T15:23:38.419155
30,alice-1,bob-3,10,1024,done,120.146,b6a9884d-72d2-445f-b381-b3b00c722ba9,1024,513,0.0,011001111111101111100111111011010111100100001101111101101000110011000000110001001111100010111110011101011100101111111001110010001100000101101011000001001001001010100110001101100101010110101001010001001001010001101011010011000001101001010101111111100011100010111001011100111101001101110001100110011000101110000001100111110111001110101101110111001100110110011110101110100001000011010111111000100110000001111010111,,100.0,Key generated,0.0,,False,http://localhost:8003,False,sequential,2026-05-24T15:25:43.219905
31,alice-1,bob-3,20,1024,done,120.476,6f17166a-430b-4a72-9b45-b8c2a68ff280,1024,516,0.0,00000110001100100110010101011001010001101110000000111100110101100011100010011000010011000101110100100101011111011110111110111100111001011100011100111111001001101100101000110111111111111000001100101101101010100001111011100000010000100110010011110001011001110110101111111101011000001001000000010111100111010010001100001010111100000011110010100000001001101000101011001010101110001110001010101001000010000001101101110,,100.0,Key generated,0.0,,False,http://localhost:8003,False,sequential,2026-05-24T15:27:48.019555
32,alice-1,bob-3,10,2048,done,236.623,0a00e8d2-90b0-450f-840c-ca720bdbbda4,2048,1003,0.0,00100011101100110110111100011001011001110101111001110110100000000010011000011011110011000100010001101010111110001111001000111010111001000001100000000000001101010110110000010101000111001011110011010111001111101100010011010001100111101010101001111101000000011010001000111010110110111111100101000000100111011000110001100101001111010000010011011101110000000111101010010000010100101111111000000111001001111111011100101111001110111111111111000000100110111010111010010001011010001010011011011100010000100110110110110110000101010000100110100110101100000100011111001101011010001110000101011000100010110001010100101011001100100001101111000011100000111010110011101010111010111110101011110010101110010110000110010100100101001100010111001111001001001000101011110100100011010101111001110111011110000100111000110111010,,100.0,Key generated,0.0,,False,http://localhost:8003,False,sequential,2026-05-24T15:31:49.465387
33,alice-1,bob-3,20,2048,done,239.711,5b2a2bce-22a5-47a1-81de-6661dfb6025e,2048,1026,0.0,11100110010110000100001111101101111101110100000110101000101100100101110011101000011010010111100011010110001001101011010111101101110010111011010001101000100001011000110011010100110010001100110011111000111010111111110010011000001001001110100011101000010100111010100000011110101000011010000011001001100000100001100001100001001101111000011101001000010110110001011100101100011010010011101011101100101011101110000000001011000100110011011010101100001010011000000110111110011011111100100011111010000001101111011001001111110110110010001010100001110110000100000010100110001111010010110101010100100110110101100011111111100101101001100001111001101111111000001110011011010101101010011100111100100111011001000011100001000000101010101100100000110100010010000111010101100110111100000000011011011100010100111010000101001010001010110110111,,100.0,Key generated,0.0,,False,http://localhost:8003,False,sequential,2026-05-24T15:35:53.233586
34,alice-2,bob-1,10,32,done,4.071,2d049387-489f-49df-b447-f1df80d7276f,32,14,0.0,011101110110,,100.0,Key generated,0.0,,False,http://localhost:8003,False,sequential,2026-05-24T15:36:01.382068
35,alice-2,bob-1,10,64,done,7.603,2b659ac1-f5ed-443c-89b2-4cb3a5113071,64,28,0.0,10110100111101010001000,,100.0,Key generated,0.0,,False,http://localhost:8003,False,sequential,2026-05-24T15:36:13.459606
36,alice-2,bob-1,20,64,done,8.696,e32c6073-d69c-4f2f-946c-89ca1da205df,64,33,0.0,100111001110110010011011111,,100.0,Key generated,0.0,,False,http://localhost:8003,False,sequential,2026-05-24T15:36:27.564430
37,alice-2,bob-1,10,128,done,15.93,c9e729e8-7f6c-4896-b7c7-f54cb8b4abdc,128,58,0.0,00000111100001100011100111010110010111111110000,,100.0,Key generated,0.0,,False,http://localhost:8003,False,sequential,2026-05-24T15:36:47.680834
38,alice-2,bob-1,20,128,done,14.968,8e334801-7f72-4738-8e8a-ab0174f65c33,128,67,0.0,011001010000101001110010101111110000001010110100101100,,100.0,Key generated,0.0,,False,http://localhost:8003,False,sequential,2026-05-24T15:37:07.844555
39,alice-2,bob-1,10,200,done,24.383,ba010ddc-5480-4d7e-b381-13c5c7c3985c,200,94,0.0,1111001100010001000100000111110001110000010000010110000001001101001101101110,,100.0,Key generated,0.0,,False,http://localhost:8003,False,sequential,2026-05-24T15:37:38.032163
40,alice-2,bob-1,20,200,done,24.245,8003fcb1-9aeb-431e-9b71-2486c82eb6d2,200,87,0.0,1111001010010000001111111100111010001010110100111011001001100111110110,,100.0,Key generated,0.0,,False,http://localhost:8003,False,sequential,2026-05-24T15:38:08.237185
41,alice-2,bob-1,10,1024,done,119.113,524e7899-8939-45a2-9eee-7c6c5625a4bf,1024,540,0.0,011100110011101111000101100111001100011111101010001001100010110111101110110011111100010100100111011110010000001100010110000010000010000110000010111101010111101010011000100101000000001011001011101011100010010001101110010001001001011011010101001000100001010010010101010010101010110000101011111111111101110101101001101110001010010101101111000011000010100011000001101111011101111110011100100101001100011001101001000101011111001100000000,,100.0,Key generated,0.0,,False,http://localhost:8003,False,sequential,2026-05-24T15:40:13.006988
42,alice-2,bob-1,20,1024,done,119.183,9e459b88-7b05-4364-9caa-e7d088a2f251,1024,506,0.0,110101111101100001101010111111011011000000010101011110011101100100111011111101010001100111001110100000011110000001011101101001011100010001011000011110010110101101011011000110100000001101001010111100110101100000010011001101111101001000110101111011111100111100001000100111101100010110001011111001001010111011100010110111010011010010101011100110001110100011000110010100100001000000011100010011010111100111010,,100.0,Key generated,0.0,,False,http://localhost:8003,False,sequential,2026-05-24T15:42:17.892293
43,alice-2,bob-1,10,2048,done,237.307,ffb7de40-479a-43c1-80c7-bb65e672eafe,2048,1059,0.0,10011011101101010010101000011011101100011000110000110100110100100100111110001011000110010011011110000111111011101111010110110001100101111000101100000101111100101011100011110000110011111101011111101000001000010000111101110100000000100101000000000111110101000100100000101110001000010010101100000110001010000100001100010000001010110100000000011001010010110110100001111011011010101011001001110101011010101010001010110111010110010111101001001011110011001011000111100111111010101001100100101101000101011101010101100010000100001010101000100100111010011001110100011110001000101111000111100010010010000110100100110000110111011110110000110111111010101101010111011011011000010101110100000010011110100010011101011110011111000100100001011000001010101000010000101010111101111000101011111011001011000000111101100101111011110101111010010110110000110110110101001011,,100.0,Key generated,0.0,,False,http://localhost:8003,False,sequential,2026-05-24T15:46:19.816904
44,alice-2,bob-1,20,2048,done,235.833,f82fcaed-228a-4e07-9196-db078e83ecc9,2048,1056,0.0,00001100100011101100101110111010101010010100101001011000101000100011010100101001110100000111000110010001110101100110001111111011100100010100011000010100111000010100001101001001101001100011011110110001101100000000111001111000100101011010011010111000110110100111010111111100000010001101001001101010001000010101011011001001001011001111010110111001001101100010000001001110001010110000111111001001011110010001000000010101011110111100011010010111101110101111011110000001010100111100001111001101100000010011101011110001111000010101001010011100000001000010100100100100011100110110100001100100001010101100001001010110010011100110111100101110011101001110111110011111111100101100011101011011001001001110110110110100101100101100011001100000010010011100111111111011110011101000101000110011110011000100000000111110010001111101110110001111110100110101010010000,,100.0,Key generated,0.0,,False,http://localhost:8003,False,sequential,2026-05-24T15:50:21.264993
45,alice-2,bob-2,10,32,done,5.091,c1cd5486-dab0-48ba-8285-b8033d73a1d1,32,18,0.0,011101010110111,,100.0,Key generated,0.0,,False,http://localhost:8003,False,sequential,2026-05-24T15:50:31.341676
46,alice-2,bob-2,10,64,done,8.765,69f54a4b-4702-4a77-8076-258e931ef07c,64,30,0.0,101100101100110111010111,,100.0,Key generated,0.0,,False,http://localhost:8003,False,sequential,2026-05-24T15:50:45.441920
47,alice-2,bob-2,20,64,done,8.953,98cdcb4d-be68-4fef-abd9-7951ebe72b69,64,31,0.0,1011001101111010001111001,,100.0,Key generated,0.0,,False,http://localhost:8003,False,sequential,2026-05-24T15:50:59.541538
48,alice-2,bob-2,10,128,done,16.564,96720190-b154-481a-96b9-041aff332130,128,68,0.0,1110011100000000100001111001011101101001011001101110011,,100.0,Key generated,0.0,,False,http://localhost:8003,False,sequential,2026-05-24T15:51:21.739594
49,alice-2,bob-2,20,128,done,16.565,b57fdacf-e9bf-4b1b-8478-a193f3558cb7,128,61,0.0,0110101101111010101111000001111011010101010101101,,100.0,Key generated,0.0,,False,http://localhost:8003,False,sequential,2026-05-24T15:51:43.903853
50,alice-2,bob-2,10,200,done,24.98,c7229b24-651c-40df-961c-8b0a0f31ed86,200,104,0.0,000011110100100010110111111000100000000001001100001110011100111000001010110010001001,,100.0,Key generated,0.0,,False,http://localhost:8003,False,sequential,2026-05-24T15:52:14.121963
51,alice-2,bob-2,20,200,done,24.945,a156f924-740e-4e3e-8995-cfcb6a584802,200,98,0.0,1110111110000100100011100111110001000011111101000001100011110111100110000011011,,100.0,Key generated,0.0,,False,http://localhost:8003,False,sequential,2026-05-24T15:52:44.361251
52,alice-2,bob-2,10,1024,done,121.669,ccd5f923-255f-4b89-8657-19f714f87d36,1024,493,0.0,10101001110001100011110000110110100010000110010110011111101111011110110110101010000110001000111011100011110111110110100000011011110001010111010101101101000100001011101110100000010010011010101110111011001100110110100110010101000101111011011111011100010111000101011110001101010000000010111101011010001100000000011011111010000110101110100110010000000001010011100001000101011010111111000001001010000,,100.0,Key generated,0.0,,False,http://localhost:8003,False,sequential,2026-05-24T15:54:51.241685
53,alice-2,bob-2,20,1024,done,119.995,24993f41-86e5-4f12-b92a-fe6a412927fb,1024,501,0.0,01101101110000110000111101110011101001100010110111000000110110110111110010010100000110010001001101100010100011000000100011101110000100011100000110100101110011110011111010101000110100110111101100110010011000100000010101010101010100111000100001000001001001100111010110000011000101001100010110111110001001011001010011010011001111001111000001011000111011001111111010000011101010000100011001101100001100100,,100.0,Key generated,0.0,,False,http://localhost:8003,False,sequential,2026-05-24T15:56:56.090839
54,alice-2,bob-2,10,2048,done,236.586,8e924be8-138e-4221-b019-42d5f326a688,2048,1049,0.0,000111000111011000111001111010000101001111111011000111100111011010110010000110101111001010001010011101010011011110100011011111011010010001101010010110011000001111100010001101011001101111000010001100000011100000001010100101001110010001001000010101110000111111101010111010010010100100111111011000000100110011000110000110110001110001000010010101011000100111111110011110001001001011011100100011010011110111001100100010100110110010011011111010000000110101101101101000101001000101111010100010011000101010101000111010111111111001110000101111001011010010010101111000011010011101110111010010111101111101001100100111010111000101001111111110010011011101001011100101011111000111100011000010000011010011001101011111100000011010101111111101001100100110011100010010110101100101001101010110100110011110000101111101011010111100110101011000010101010000000100,,100.0,Key generated,0.0,,False,http://localhost:8003,False,sequential,2026-05-24T16:00:57.555937
55,alice-2,bob-2,20,2048,done,236.79,fc8b4f3d-0cd5-4101-886d-f50527bda2ca,2048,1012,0.0,110111011111110011010000110011100001011010011010100010010100001010101001001100001011001001011101000001010111110100100010111110100000100111100010000000100001100110100000100100000010101000000100000101010100101101110011100011000110001011100011100010100100000101110101110000100111111110011110100010111101111111000011000010101101100110111000010110100111000000001111110111110011110100110010000111111101111000110110000111011010111001111010010010101100101000110110101011101000001001111000111011011101010111000100110111100001101110010110011011011111000001101010011001011000101110000011101101111011111010000011010000110110011001110000111011110000010110011001111001011111000111110100010100101011000111010110100010110111001110100011100001001011101010001110100100010111011100100000010110000000010111011010001110110101100011,,100.0,Key generated,0.0,,False,http://localhost:8003,False,sequential,2026-05-24T16:04:59.140577
56,alice-2,bob-3,10,32,done,5.169,93a3dc1a-75a6-47d7-8b04-9a8ab0c87617,32,17,0.0,10010011110010,,100.0,Key generated,0.0,,False,http://localhost:8003,False,sequential,2026-05-24T16:05:09.214957
57,alice-2,bob-3,10,64,done,8.721,debe193e-c9b9-4f2e-877a-e521f5214525,64,31,0.0,1010110111100101101001000,,100.0,Key generated,0.0,,False,http://localhost:8003,False,sequential,2026-05-24T16:05:23.304142
58,alice-2,bob-3,20,64,done,8.686,6b2f299a-f5ac-417f-93e5-0f598688299d,64,26,0.0,011010001101100101000,,100.0,Key generated,0.0,,False,http://localhost:8003,False,sequential,2026-05-24T16:05:37.425309
59,alice-2,bob-3,10,128,done,15.188,457ee4ef-5caa-4882-90bb-9db5a05bc97a,128,71,0.0,101011011101101111111010101111000010000011000101000101111,,100.0,Key generated,0.0,,False,http://localhost:8003,False,sequential,2026-05-24T16:05:57.544640
60,alice-2,bob-3,20,128,done,15.035,5f4409fd-ed7d-4c7f-9213-6e0697e5c3f2,128,62,0.0,10110000100101100011001110010111111111100111100001,,100.0,Key generated,0.0,,False,http://localhost:8003,False,sequential,2026-05-24T16:06:17.668799
61,alice-2,bob-3,10,200,done,24.27,da3f9228-617d-4421-8ae7-8711dbb12020,200,99,0.0,10001010110100111000011101011100000010110110000011111000010001100011111110010100,,100.0,Key generated,0.0,,False,http://localhost:8003,False,sequential,2026-05-24T16:06:47.850600
62,alice-2,bob-3,20,200,done,24.393,add64487-85a6-4c9b-aa21-257c6329969e,200,102,0.0,1100100000111001110001000011111100111101111111111100011100001010111010111011100001,,100.0,Key generated,0.0,,False,http://localhost:8003,False,sequential,2026-05-24T16:07:18.091937
63,alice-2,bob-3,10,1024,done,118.372,9700abb6-8235-4477-a0b7-5f09dc146039,1024,519,0.0,11011110011101101010000110010010001110010100101010111010111110010100111101100001010111000101111000100100000100101110001100101110011100101010001011111101010011010001001000000010010001110100101010011110100011000010000101001110100000111000011100000101000100010100110000010000100110101000010111111110011111101001110010001110100111110111101110000000100100111110000111011001011101101010001100011101000101000110110001110010,,100.0,Key generated,0.0,,False,http://localhost:8003,False,sequential,2026-05-24T16:09:20.867905
64,alice-2,bob-3,20,1024,done,119.314,1571eb9c-c145-4503-8ebb-a826306c2013,1024,500,0.0,0000110010001000101001100001001001000000001011111111101000010100111111010100110000011100101010001011010100100001010011100011000001110000111111010011100101101101000110011110010101001110001100100011110111000011011011000011100101011100111001001000001011111011011010111111100101100011101011010011000111110000111010001000001101010101000001101010110011110011100101000011101101101111010010000110001101101011,,100.0,Key generated,0.0,,False,http://localhost:8003,False,sequential,2026-05-24T16:11:25.679228
65,alice-2,bob-3,10,2048,done,236.519,11c8307e-fd6a-41ed-ab0a-875795b5c155,2048,992,0.0,10110111010101000111010111101011010110100010001001001110001000100011010111100010010011001111110010011100101000110001001111001100001101011101101111111101010001011101010001110001100110011000010000100101100010011000111111101101100011111101111000010111101111101100010001010010011000110101110110001110011001011000100111001100110010110110010000110000111101110011010010011000010000011111010111000010100110110001011101101111101110011000111001110110110011010110100000111011011110111100001111001101001111100110001000100110001100111001010100111011111011111011010111010000101100001110100100110001000110010001111111100010010100100000110110000100011110101010010111110011000100001000010001000000000101010111101101001101111100011011110110001101000000011110100010101010000010100010001111001110111011100111110010,,100.0,Key generated,0.0,,False,http://localhost:8003,False,sequential,2026-05-24T16:15:27.286127
66,alice-2,bob-3,20,2048,done,236.347,a99ffd13-3c89-40b5-865f-cdd130f00278,2048,1001,0.0,100010010001001001110100001111100001111010000011011001000010001110101100101010110111000010001001010110110110101100101111101011100011001001101101001000010001101011100101101000100101101000011011011111000100010001001100010011100101111110110111100100101110111010111100101101010110000111101001000111010001110010110111110000100011000010010000000011001010100011101010110111111101101101100010001000011010110011010101111111011101101101101001010000111010101111001011100111100000000111000011101011011111111001010110110011010000100110010100101110000000010010110101000110011100000111001100101001000101101110010001011100110010001101010010001111011110111100011100001101101101010000110100011011111110011010101001011001011000110111100001010001110000110101000011110110100011011110001010100001101110010011010010000000111,,100.0,Key generated,0.0,,False,http://localhost:8003,False,sequential,2026-05-24T16:19:28.926952
67,alice-3,bob-1,10,32,done,4.653,ab416dd0-9275-4055-b00e-0d1f6418a293,32,14,0.0,101100011000,,100.0,Key generated,0.0,,False,http://localhost:8003,False,sequential,2026-05-24T16:19:39.267861
68,alice-3,bob-1,10,64,done,7.775,02a3a040-d89a-4e27-933f-7081fa02c998,64,33,0.0,110011011010110001110000001,,100.0,Key generated,0.0,,False,http://localhost:8003,False,sequential,2026-05-24T16:19:51.364563
69,alice-3,bob-1,20,64,done,8.746,ea8bb550-479f-4904-b595-a7443efdae8c,64,31,0.0,0011111100011110111110100,,100.0,Key generated,0.0,,False,http://localhost:8003,False,sequential,2026-05-24T16:20:05.512090
70,alice-3,bob-1,10,128,done,16.094,ccb3aa9e-e6aa-4995-a0f8-cc62c2ec0362,128,63,0.0,010110110101000110101001100101000000011110110000100,,100.0,Key generated,0.0,,False,http://localhost:8003,False,sequential,2026-05-24T16:20:25.632034
71,alice-3,bob-1,20,128,done,16.022,2464b00c-2260-48f1-8bd8-3396bf40811a,128,70,0.0,00010001101100001011011100101110101010100101111100111000,,100.0,Key generated,0.0,,False,http://localhost:8003,False,sequential,2026-05-24T16:20:45.758114
72,alice-3,bob-1,10,200,done,24.299,bea64165-4068-492a-9f45-d812283f48c7,200,108,0.0,011000011000110010000110000101100110001110110001011011010010000001110110111001001111111,,100.0,Key generated,0.0,,False,http://localhost:8003,False,sequential,2026-05-24T16:21:15.926114
73,alice-3,bob-1,20,200,done,24.431,7602fc44-9173-4d40-b438-60749eaa1cc7,200,100,0.0,01011101100101101110100110000011110000101100100101011001101010010100110000101111,,100.0,Key generated,0.0,,False,http://localhost:8003,False,sequential,2026-05-24T16:21:46.184629
74,alice-3,bob-1,10,1024,done,117.823,ceedd98a-2488-4c31-b91e-7d28f14685ee,1024,528,0.0,101010001010011100010100000011101111101101010000111000111011011101010011001000110001101111010001000101100110010111000001001110001100010010110010111110011111100010101111011001001101010100000011010011010100100101011101001110010011100110110000100001100000100100100111010101010110111101100110010111110101100010100010111001100100100100111110100100101010000101011010010011101100111110111010010000101011011000001000111001111001011,,100.0,Key generated,0.0,,False,http://localhost:8003,False,sequential,2026-05-24T16:23:48.899833
75,alice-3,bob-1,20,1024,done,117.799,e5e013e1-6850-4b21-b49a-c788be224983,1024,513,0.0,011000111001110110110110010011111100111101011011101101110111011101110000101001111000010001000100001011110100010010101101011001101010000100001010101101011011100110101011011011110100111100101100011110000000101111010100011010110100101100001010010111010111000011100111100000011110110101010110001111010101110010000101000101011001110100100001111100001110010100010110100110011011001011011011100010011001110101001000110,,100.0,Key generated,0.0,,False,http://localhost:8003,False,sequential,2026-05-24T16:25:51.629738
76,alice-3,bob-1,10,2048,done,236.211,df302a53-58b5-4fa1-a443-f510133d2fb4,2048,1026,0.0,01001000111001011110110000101001100100011110011011100010111000101100111011100010100011010000110011010101110101000001010000110100000000000111011011011000010111000100000000100110010011101100100100110001110001111110010000011101100000010100111001001110001101100100000001101101011010000100101011101001001011111010010111111101100100010001000110110100101010111100101011100110110100101111111110100111100101101011010101111000101001111111110000000010011100001000000111000111110000001110110011110011111010011000010000111101000010000000101011100101101101000001010111111100001110110101011000011100001000110010001101010000001111010100100000001100101001010110110110101110010110011110000011110001000110110011010000011101001110000010110101010111001101101001100101011011001101010111100010001000001100110101110110101001111111011001000000010,,100.0,Key generated,0.0,,False,http://localhost:8003,False,sequential,2026-05-24T16:29:53.256799
77,alice-3,bob-1,20,2048,done,238.979,ac33671c-a368-45b0-b3bd-b5dcf5878d9c,2048,1042,0.0,010001001000111111110000110100010101100001110011101100100011001000000111101100100110110001000000010100111010011100101010111101110011010110001100000110011101101000000111001011110100110010110000011101111110110100110011100110100010110000111011111111101110000001011001011111101100111101010000111101001010011110011100010000111010101000100101100110110101011000001010110001110111000110100000111000001101001000000110110010000110100101100011100100100011101111111111000111101001001001100110010111010001110100001000100001111010100111111000011101000111111010101110111100010000001100100001001101010110010010100111110110011000010011101000100110101010001101010010011011011111101101111001100001101110001100011111010110011001100001000110101101111110111000111100110000111001010000011100100111011111111100010110100010100100101100110110011110011111100011,,100.0,Key generated,0.0,,False,http://localhost:8003,False,sequential,2026-05-24T16:33:56.856291
78,alice-3,bob-2,10,32,done,4.253,6f5e8e42-0768-4251-a6c6-3b783fbd5e18,32,14,0.0,010001101101,,100.0,Key generated,0.0,,False,http://localhost:8003,False,sequential,2026-05-24T16:34:06.930918
79,alice-3,bob-2,10,64,done,8.959,a0fe211f-c0ea-4ec1-857d-e9f26b4f2f9b,64,34,0.0,1110011001111000000001101111,,100.0,Key generated,0.0,,False,http://localhost:8003,False,sequential,2026-05-24T16:34:21.047539
80,alice-3,bob-2,20,64,done,7.936,da867849-92a8-485e-86da-3349e704b05c,64,28,0.0,10100110011011111000100,,100.0,Key generated,0.0,,False,http://localhost:8003,False,sequential,2026-05-24T16:34:33.187664
81,alice-3,bob-2,10,128,done,16.53,402373f8-65a7-4fc6-81e8-567fb60b43bf,128,65,0.0,1010110000101000001000111011111000100101010110110010,,100.0,Key generated,0.0,,False,http://localhost:8003,False,sequential,2026-05-24T16:34:55.345887
82,alice-3,bob-2,20,128,done,16.655,54c32b73-0174-4fd9-84e4-c61e50b3f6e6,128,68,0.0,1001001011001100010111111011010111100111111101000011010,,100.0,Key generated,0.0,,False,http://localhost:8003,False,sequential,2026-05-24T16:35:17.502689
83,alice-3,bob-2,10,200,done,24.177,90563424-43e6-40d0-8f53-cfdf18807d08,200,91,0.0,1110010011110011110010100111110000100011101010011101101011011000110101010,,100.0,Key generated,0.0,,False,http://localhost:8003,False,sequential,2026-05-24T16:35:45.733265
84,alice-3,bob-2,20,200,done,25.221,e1959a74-fe0a-4639-a537-d9058b3e77dd,200,101,0.0,001001101000010101000100010111110011111110000010100001100000101100010001000011000,,100.0,Key generated,0.0,,False,http://localhost:8003,False,sequential,2026-05-24T16:36:15.964187
85,alice-3,bob-2,10,1024,done,121.902,5471f0be-1536-455b-879e-203968a1cc60,1024,528,0.0,001101000000110011110100010100011101100001001000000110101000000000110111001101010111000100111101000110100001000111001011000010100001010100010000100011110000001110011010101100010001000001011010110010110011010110110111100000111101111100001110100110010010101011011111110011111011000011000010001111110110111101101110010011011000011101111011110101101000000100111101011000000101010111000010110001100101110000000011101100001110011,,100.0,Key generated,0.0,,False,http://localhost:8003,False,sequential,2026-05-24T16:38:22.816137
86,alice-3,bob-2,20,1024,done,119.934,19bbc897-395d-4bad-a47a-28e8641f76a6,1024,494,0.0,000110010101010110011100100001010001001011001010001010110101000101100000000100111011110101100101000000000110111010011110011010111010000110001011100111001101001001101011110100100101101011000011001001101011011001100000001000101010111110000111111001101101011111100111001110010101101101001111001101000101011001010011101011011110001001011111111110110110111110100100001000010010001110011010111110101100,,100.0,Key generated,0.0,,False,http://localhost:8003,False,sequential,2026-05-24T16:40:27.603902
87,alice-3,bob-2,10,2048,done,242.68,c5eea862-f25b-4436-98ba-25db0d715386,2048,1009,0.0,0101011010100010100101011111110010110001110101001110001000101010101010100100100000010010110010100101000101101001110001100111110011011111000101001100010110010010110011011110011001001101010110110110110010100010010101000100111000010101101101011100101011011111000101110011100001111110011101111100111101101111101100101010111010001111000100101111101101101100001010101010001010001110100110010001011100100100011110101100001110110010001010001111100001000110001101101011100110101000100100111100000001011100001100110001010001111011111100011001111100110001010001000111110111001110110001111100000001000110111000000010001001100001000001011000111101001001000100000111010110111001011001011110101001001011011011000001100100100000000001000111101100110100010100001111110100001101101100111100010111100100101110001100011010001101,,100.0,Key generated,0.0,,False,http://localhost:8003,False,sequential,2026-05-24T16:44:35.274387
88,alice-3,bob-2,20,2048,done,244.089,a3def296-b0d4-4595-83cf-3d3b1b703bf8,2048,1044,0.0,11011110100010001110001010001010011010111110101111000101110010010100010001010111000010000000111101110101100100110010110101001011111010111101110010010100011001100100000010100011100011101011010101110000111000011001010001001011110001010011011110101000101001010101110000100010100110111111100111000010100100101110011011101110110111000011000101001001111001111011110110001110111100001000111100101001101010110101111101101000111110110111101111110111111010000100100110101011110001000110101010101101000100111111001011110010011001110000001100011100100101100000101100110011110110101010000110001100001111101110111011001101111101111011100111001000111101110000111111010000001000110011010101000100101110011110011110000111011101011101110101111111111011100111001111110011010011110111110101010110001101011000010001001111100101111100100011011001011000100011,,100.0,Key generated,0.0,,False,http://localhost:8003,False,sequential,2026-05-24T16:48:45.258751
89,alice-3,bob-3,10,32,done,7.043,22e02513-d6a1-493d-ae78-0d8d9f5bb961,32,16,0.0,0001001010110,,100.0,Key generated,0.0,,False,http://localhost:8003,False,sequential,2026-05-24T16:48:57.579909
90,alice-3,bob-3,10,64,done,9.67,2b00fb27-598e-4bb3-812e-a5d073894795,64,30,0.0,010001111001111011101010,,100.0,Key generated,0.0,,False,http://localhost:8003,False,sequential,2026-05-24T16:49:11.803308
91,alice-3,bob-3,20,64,done,11.329,ce8ccc76-2d5c-4c06-86ef-95afc46e9a6e,64,35,0.0,1100111111110000011010100011,,100.0,Key generated,0.0,,False,http://localhost:8003,False,sequential,2026-05-24T16:49:28.091693
92,alice-3,bob-3,10,128,done,18.2,f025b45d-974f-4d5e-bfa6-8e27a29d89db,128,66,0.0,11011110100101100001010010011011100001001110011001110,,100.0,Key generated,0.0,,False,http://localhost:8003,False,sequential,2026-05-24T16:49:50.470089
93,alice-3,bob-3,20,128,done,18.733,794ee24d-7de0-4b43-8c76-f9efa3e2f9bd,128,57,0.0,0110011001100100111001000100101010110101110100,,100.0,Key generated,0.0,,False,http://localhost:8003,False,sequential,2026-05-24T16:50:14.857015
94,alice-3,bob-3,10,200,done,28.123,04cd325f-337b-4d44-a30c-a868dc2d508f,200,90,0.0,000101110100011000001010101111001110011010011111000010000011100000000000,,100.0,Key generated,0.0,,False,http://localhost:8003,False,sequential,2026-05-24T16:50:47.397991
95,alice-3,bob-3,20,200,done,27.653,ced60e83-cb98-4868-8c72-15843699aafa,200,95,0.0,0010111010110110011100111011100110100010100011100001001100000001100011100101,,100.0,Key generated,0.0,,False,http://localhost:8003,False,sequential,2026-05-24T16:51:19.890596
96,alice-3,bob-3,10,1024,done,134.574,b2c56747-c87e-47e7-a656-08f83a3ecf77,1024,517,0.0,111000101011010111000101101001100001000011011000001100101110111010000001110011101001100100111101011001100000100011000110100111011111011000010101101001011001111110101000101111111001010111011110000011001101011001110101011000110000010011010110001001001011011011100000000100010110110011010111000111101111111101101110001000011100110000111011110110010000000000110000101001001010111011010011010111001111101001010100001001,,100.0,Key generated,0.0,,False,http://localhost:8003,False,sequential,2026-05-24T16:53:39.951200
97,alice-3,bob-3,20,1024,done,133.087,3e161f89-2c20-4f7e-8280-f1b3686e0d0f,1024,502,0.0,100001001101001011100101100100011100110011011101100000011110111001001010011101001111010001001001011100000011110000010100001010010101000101000111110010000000110001101001001001100000000011100010011010111000001110000000011001101101100011100111100000001110001110000000111000100000001111101101101111011100110000011101110000000110100011010001001110110101000000000111010100000111000000010010010001101110001001,,100.0,Key generated,0.0,,False,http://localhost:8003,False,sequential,2026-05-24T16:55:57.980686
98,alice-3,bob-3,10,2048,done,268.418,d57d14c5-061a-40c3-99cd-4cf33bda32e7,2048,1041,0.0,10111010010011010101010011011111100101010001100010111101000010010110111101001101010000010011010111000000100101111110101110101011010111101110101111111111110111111010111000000110101011110001110111110001001000100001111011101101010111010010011011011011011100000000110011010001100100111100001101010011101001100111110011011011110011111000100011101111100001100100110001111001010100011101110101000010000011000001001111001110001000100010100010001010110011101100111101111111110011110101111011001011000100001101011001101011010010100111000111010110101110000001010011100100011001010011110010100001011101001001110110100010000000011101100110111010011010111101110110000011101010010101000011001011100001111100001010010101100101110010001000011011101010111010000011001100000011011010011111000010100101111111100000100011011010000011011101101111011011000,,100.0,Key generated,0.0,,False,http://localhost:8003,False,sequential,2026-05-24T17:00:30.479229
99,alice-3,bob-3,20,2048,done,272.6,c94f8098-076d-4632-b887-524b7f3ffc25,2048,989,0.0,101101111010001101111110100011111001100100110110000100111001011100011000000100100001000100001011100101101010111111101111000000100100011001011101110010100011000111111110111000001000101011101011101001101111010001000000000101000110100111000011101011101011010000011111110010111000010111111011001011010010100010101100010001110110010011010011110100011011111001000010101101110110100011011101110101001000101101010000100001100101010001011000101110010011011001001001001110111111110010100001011101011101101010001010001001101100110101100111001101010010010001111100000111111101111001010000111001101110100111001111001000010010010010011000110001101101110011101001111111001010110110000001000010100100101011110101011111101001001100001110010011001100111111110010101101111101011110000010001001011110100000011101,,100.0,Key generated,0.0,,False,http://localhost:8003,False,sequential,2026-05-24T17:05:07.532280
